camera_id;Distancia;Casas_1km
1012;3347.499376;26
1012;2156.054569;25
1013;3850.822459;9
1013;2369.878632;25
1014;4204.246234;9
1014;3622.670948;25
1015;6142.371244;9
1015;6188.24816;25
1021;7704.083732;9
1021;9335.630584;25
1022;7415.299129;9
1022;9039.346156;25
1023;6716.651549;9
1023;8349.644696;25
1024;4754.449419;9
1024;6416.875807;25
1025;2958.687004;9
1025;4895.669752;25
1031;6674.247975;19
1031;1892.1571;26
1032;6940.117332;19
1032;2188.014349;26
1033;7461.189068;19
1033;2816.777797;26
1034;9145.099248;19
1034;4765.097494;26
1035;7675.826663;26
1035;11618.19338;26
1041;6012.592715;19
1041;2798.657611;26
1042;6036.821243;19
1042;3078.082113;26
1043;5873.62711;19
1043;3517.711914;26
1044;6743.171268;19
1044;5486.361003;26
1045;8770.409033;19
1045;8454.781861;26
1051;1052.387491;4
1051;7917.735156;12
1052;1344.889851;4
1052;8117.447931;12
1053;1874.997485;4
1053;8418.061179;12
1054;3809.747715;4
1054;9719.828636;12
1061;1435.709882;30
1061;13353.30822;19
1062;1658.55562;30
1062;13258.36531;19
1063;2274.423494;30
1063;13115.31184;19
1064;3561.508764;30
1064;13596.93065;19
1065;3734.685277;30
1065;14160.35121;19
2011;11295.74104;4
2011;4542.68674;2
2012;11601.85644;4
2012;4770.723454;2
2013;12192.68433;4
2013;5210.604072;2
2014;14221.02681;4
2014;6875.730176;2
2015;16694.34701;4
2015;9122.158869;2
2021;8888.362208;4
2021;11303.10382;2
2022;9158.613697;4
2022;11556.8443;2
2023;9907.00001;4
2023;12242.14752;2
2024;11775.35845;4
2024;13478.30508;2
2031;3224.611165;40
2031;1205.904753;29
2032;2946.480601;40
2032;1467.953278;29
2033;2898.393755;40
2033;2103.921296;29
2034;3395.469661;40
2034;3976.116193;29
2035;7015.041083;40
2035;6525.951839;29
2041;2048.70244;40
2041;2878.046573;29
2042;2043.177185;40
2042;3123.235165;29
2043;2279.493564;40
2043;3706.077693;29
2044;3794.769426;40
2044;5445.422177;29
2051;1778.839071;40
2051;3134.175158;52
2052;1838.722254;40
2052;3403.850244;52
2053;2291.577653;40
2053;3842.132857;52
2054;3952.356594;40
2054;5489.269827;52
2055;6585.209039;40
2055;8060.019845;96
2061;2617.386271;96
2061;5475.440301;52
2062;2795.486374;96
2062;5429.017201;52
2063;3197.179375;96
2063;5350.952394;52
2064;6741.367763;40
2064;5387.80412;96
2065;8443.135351;40
2065;8437.104964;96
2071;2273.958064;96
2071;6146.676481;52
2072;2409.70603;96
2072;6261.637321;52
2073;2860.794097;96
2073;6627.41125;52
2074;4628.052887;96
2074;7156.814747;11
2081;10247.84449;11
2081;1111.655553;7
2082;10446.25545;11
2082;1387.796629;7
2083;11046.99659;11
2083;1976.050386;7
2084;12859.47747;4
2084;4045.101943;7
2091;4623.960188;11
2091;8144.635707;7
2092;4839.856936;11
2092;7899.091409;7
2093;5459.389838;11
2093;7639.342723;7
2094;7336.55327;11
2094;7061.838823;7
2095;9710.246121;11
2095;7586.155927;7
2101;2499.111358;19
2101;5773.971859;26
2102;2713.952301;19
2102;5860.747948;26
3011;1243.340376;4
3011;7300.587171;22
3012;1452.151851;4
3012;7493.015637;22
3013;2025.071096;4
3013;7975.95246;22
3014;3928.380343;4
3014;9575.156135;22
3015;6917.766081;4
3015;12384.06751;22
3021;1341.803683;22
3021;4604.157966;9
3022;1617.363167;22
3022;4860.181649;9
3023;2233.754799;22
3023;5465.562486;9
3024;5703.420681;4
3024;4232.377628;22
3025;7306.135612;4
3025;7274.096697;22
3031;3568.940958;22
3031;1250.993586;9
3032;3833.096849;22
3032;1484.122263;9
3033;4329.920474;22
3033;2219.1773;9
3034;6202.263696;22
3034;4194.975422;9
3035;8955.938195;22
3035;7111.919584;9
3041;1641.885697;2
3041;3309.149481;4
3042;1933.223675;2
3042;3426.546471;4
3043;2555.149598;2
3043;3668.948298;4
3044;4626.951398;2
3044;5198.414472;4
3045;7611.65034;2
3045;7764.317712;4
3051;5442.226953;29
3051;5714.382653;9
3052;5748.961288;29
3052;5990.644543;9
3053;6404.342023;29
3053;6568.943759;9
3054;8427.729658;29
3054;8529.986527;9
3055;11362.71815;29
3055;11374.81575;9
3061;4344.780569;3
3061;5964.316232;3
3062;4433.407043;3
3062;6274.296371;3
3063;5308.145224;3
3063;6080.545317;3
3064;7241.272564;3
3064;6375.195841;3
3065;9456.291854;9
3065;7323.735896;3
3071;3724.992675;8
3071;4330.381284;5
3072;4037.860515;8
3072;4617.31131;5
3073;4647.520039;8
3073;5155.748644;5
3074;6665.807904;8
3074;7034.571489;5
3075;9619.984947;8
3075;9792.566911;5
3081;799.4026535;7
3081;3605.910175;3
3082;1103.158399;7
3082;3437.71971;3
3083;1799.150524;7
3083;3277.03201;3
3084;3735.293748;7
3084;2941.949971;3
3085;5306.316576;4
3085;4483.257311;3
3091;7077.321491;13
3091;4890.642284;9
3092;7280.756153;13
3092;5205.989131;9
3093;7866.532986;13
3093;5992.665357;9
3094;10238.04698;13
3094;8320.318091;9
4011;1633.708796;9
4011;3957.627364;2
4012;1951.957316;9
4012;4220.178396;2
4013;2566.6159;9
4013;4826.596406;2
4014;4552.225411;9
4014;6856.902032;2
4015;7525.506059;9
4015;9837.23123;2
4022;4640.944032;1
4022;9782.016779;10
4023;5279.85495;1
4023;10469.51931;10
4024;7439.083103;1
4024;12409.06441;10
4031;7444.640881;9
4031;8313.891384;2
4032;7735.543011;9
4032;8564.156833;2
4033;8353.149108;9
4033;8922.459023;2
4034;10304.77732;9
4034;9225.796277;2
4035;13166.74101;9
4035;10383.99923;2
4041;350.192913;17
4041;3554.85204;2
4042;592.6895899;17
4042;3385.530216;2
4043;1278.810556;17
4043;3261.266499;2
4044;3261.34645;17
4044;4155.189914;2
4045;5319.733845;2
4045;4172.184925;2
4051;4670.802855;19
4051;8367.597696;33
4053;5421.364619;19
4053;9019.864504;33
4054;7351.910091;19
4054;9126.062239;23
5011;6237.685052;2
5011;9481.821974;3
5012;6441.734841;2
5012;9721.538202;3
5013;6521.758263;2
5013;10341.19752;4
5014;7904.321519;2
5014;12207.58292;4
5015;15065.09062;7
5015;10377.94762;2
5021;1118.166536;2
5021;6607.956033;4
5022;1389.415065;2
5022;6882.735911;4
5023;2079.177495;2
5023;7578.055235;4
5024;4072.762978;2
5024;9567.383918;4
5025;6461.967099;2
5025;11930.24672;4
5031;14070.45613;17
5031;13399.8589;1
5032;14115.0564;17
5032;13641.62021;1
5033;13470.87023;17
5033;13608.34209;1
5034;12722.80275;17
5034;14153.66359;1
5035;11886.06727;17
5035;12845.88478;2
5041;10075.57433;9
5041;11926.13386;25
5042;9827.897042;9
5042;11691.49151;25
5043;9545.926042;9
5043;11447.93914;25
5044;8918.001701;9
5044;10904.10622;25
5045;7660.784238;9
5045;9631.015962;25
5052;3495.449925;11
5052;10400.73777;7
5053;4144.810834;11
5053;10858.06091;7
5054;11565.73841;96
5054;5598.351975;11
5055;12240.71747;96
5055;7697.046531;11
5061;1878.446373;96
5061;5450.288851;52
5062;2149.214478;96
5062;5744.842946;52
5063;2795.26003;96
5063;6398.457295;52
5064;4756.77027;96
5064;8306.875762;52
5065;7756.287713;96
5065;11354.56463;52
5072;2067.862496;40
5072;5467.477584;29
5073;2696.748517;40
5073;5813.917437;29
5074;4753.616369;40
5074;7686.945647;29
5075;7705.215711;40
5075;10492.29718;29
5081;7442.94459;10
5081;6641.029288;29
5082;7695.736288;10
5082;6555.181123;29
5083;8355.565087;10
5083;6508.696163;29
5084;9149.89429;40
5084;6897.737279;29
5085;10607.41635;40
5085;9431.589124;29
5091;10565.69597;4
5091;5783.037741;2
5092;10791.63604;4
5092;6076.516559;2
5093;11344.27115;4
5093;6716.119007;2
5094;13409.68157;4
5094;8143.342421;2
5095;16449.00003;4
5095;10506.88864;2
5101;3679.950193;2
5101;2212.003236;4
5102;3779.949601;2
5102;2478.634246;4
5103;4381.238176;2
5103;3134.051692;4
5104;6316.114663;2
5104;5112.559696;4
6011;1561.96139;29
6011;1898.336512;9
6013;1743.932895;29
6013;1440.311012;9
6021;75.62353202;1
6021;4194.916281;2
6022;367.6291034;1
6022;4206.163423;2
6023;1008.221492;1
6023;4738.177483;2
6031;772.1172209;26
6031;3711.050861;25
6032;1059.827574;26
6032;3535.814226;25
6033;1742.139161;26
6033;2537.204306;25
6034;2811.59905;26
6034;2115.219222;25
6041;10103.72022;1
6041;501.901586;23
7011;1582.341942;80
7011;3162.681608;13
7012;1826.587535;80
7012;3098.177607;13
7013;2181.231431;80
7013;3102.9835;13
7014;4491.16231;80
7014;4141.452346;13
7015;4226.358603;497
7015;6546.419515;13
7021;564.7454306;13
7021;2715.348786;47
7022;851.070233;13
7022;2860.864292;47
7023;1510.596484;13
7023;3241.645217;47
7025;4664.8052;13
7025;5610.715473;47
7031;1186.83703;8
7031;3690.563289;4
7032;1465.053718;8
7032;3835.023391;4
7033;2137.65345;8
7033;4349.498913;4
7034;3586.595151;8
7034;5482.8345;4
7035;6128.095572;8
7035;8062.249431;4
7041;1179.571294;7
7041;2425.701965;4
7042;1466.407315;7
7042;2515.323925;4
7045;6615.116331;7
7045;6285.644438;4
7051;5298.952751;5
7051;6969.650687;5
7052;5394.608836;5
7052;7036.802278;5
7053;5717.504062;5
7053;6885.991408;3
7054;7297.083566;5
7054;7045.056216;3
7061;785.8427039;7
7061;6709.099137;2
7062;1084.705627;7
7062;6799.749689;2
7063;1663.369183;7
7063;6855.776748;2
7064;3547.213479;7
7064;7233.598957;2
7071;11364.16113;2
7071;12573.54155;2
7072;11557.85748;2
7072;12730.60738;2
7073;11967.59995;2
7073;13046.67563;2
7074;13249.84504;2
7074;14094.68456;2
7075;15054.84075;2
7075;15503.26686;2
7081;3789.97532;14
7081;1984.41893;4
7082;4058.00308;14
7082;2284.933273;4
7083;4636.408889;14
7083;2922.914015;4
7084;6515.165564;14
7084;4923.074183;4
7085;9440.075984;14
7085;7905.484865;4
7091;3501.901278;20
7091;1687.07793;2
7093;4189.945374;20
7093;1362.431989;2
7094;5806.745131;20
7094;2305.261813;2
7095;8852.304749;20
7095;5325.501281;2
7101;1581.794645;38
7101;2450.779576;3
7102;1853.862388;38
7102;2474.809911;3
7103;2504.880155;38
7103;2662.85018;3
7104;4020.234221;38
7104;3633.044671;3
7105;4905.811011;3
7105;4361.929175;2
7111;394.0427729;7
7111;4553.339667;3
7112;716.1963027;7
7112;4374.398389;3
7113;1357.115236;7
7113;4035.558868;3
7114;3193.134157;7
7114;5684.406569;14
7115;5848.680823;7
7115;6791.783666;14
8011;3830.516768;10
8011;9472.247812;5
8012;4109.031888;10
8012;9502.726753;5
8013;4764.780229;10
8013;9353.963907;5
8014;6755.817424;10
8014;9241.511436;5
8015;9693.641784;10
8015;9597.837597;5
8021;10134.65544;10
8021;2146.422545;5
8022;10313.51343;10
8022;2374.263008;5
8023;10761.02534;10
8023;2918.121321;5
8024;12288.48449;10
8024;3996.375096;5
8025;14160.26861;10
8025;6320.625535;5
8031;2790.458016;26
8031;2578.263781;5
8032;3091.802218;26
8032;2662.557274;5
8033;3678.97758;26
8033;2903.069615;5
8034;5649.03658;26
8034;4379.292964;5
8035;8610.0266;26
8035;7035.056639;5
8041;1784.587234;4
8041;6923.064181;27
8042;1947.160984;4
8042;6911.754642;27
8043;2447.289635;4
8043;7058.486513;27
8044;3751.267721;4
8044;7533.623914;27
8045;5362.636482;4
8045;8365.086939;27
8051;4268.365832;19
8051;7848.15269;14
8052;4552.985753;19
8052;7822.615628;14
8053;5198.406918;19
8053;8085.804167;14
8054;6711.525951;19
8054;8972.012045;14
8055;8733.422841;19
8055;10409.57935;14
8061;905.0800071;9
8061;6350.176733;8
8062;682.2848203;9
8062;6491.09263;8
8063;1019.622723;9
8063;6351.35291;8
8064;2849.144337;9
8064;6314.024502;8
8071;348.3638019;15
8071;2891.868386;5
8072;684.4196851;15
8072;2569.206224;5
8073;1282.942567;15
8073;1966.071441;5
8074;744.4249609;5
8074;3141.709591;8
8075;3231.435223;5
8075;2318.894675;8
8081;1048.927094;2
8081;3977.858309;3
8082;1254.602898;2
8082;3686.537085;3
8083;2008.863035;2
8083;3436.221429;3
8084;3938.670714;2
8084;2924.242018;3
8085;6816.720491;2
8085;3669.484953;3
8092;1040.88382;2
8092;3641.376396;5
8093;1687.536492;2
8093;3663.092258;5
8094;3651.444916;2
8094;4572.732091;5
8101;1814.747327;2
8101;2810.882838;4
8102;1849.649805;2
8102;2622.948024;4
8103;1850.194068;2
8103;2045.560417;4
8104;3037.628935;2
8104;1436.267711;4
ALE-T1-C1-288;453.3079355;8
ALE-T1-C1-288;2776.956292;10
ALE-T1-C2-850;965.0696781;8
ALE-T1-C2-850;3262.436518;10
ALE-T1-C3-2550;2785.877167;8
ALE-T1-C3-2550;5087.473087;10
ALE-T1-C4-4800;5041.282083;8
ALE-T1-C4-4800;6331.862169;6
ALE-T1-C5-5900;6149.503872;8
ALE-T1-C5-5900;6023.968543;6
ALE-T2-C1-850;866.217098;9
ALE-T2-C1-850;1502.681843;4
ALE-T2-C2-1500;1531.578928;9
ALE-T2-C2-1500;903.4925529;4
ALE-T2-C3-2800;2649.291285;10
ALE-T2-C3-2800;548.4310962;4
ALE-T2-C4-4200;3634.542728;10
ALE-T2-C4-4200;1898.551418;4
ALE-T2-C5-6180;5965.749069;10
ALE-T2-C5-6180;4124.995146;4
BEB-T1-C1-1000;3824.069799;3
BEB-T1-C1-1000;1022.194872;2
BEB-T1-C3-2900;2879.840667;2
BEB-T1-C3-2900;5250.581634;14
BEB-T1-C4-3800;3789.491701;2
BEB-T1-C4-3800;5812.584428;14
BEB-T1-C5-5400;7130.568852;3
BEB-T1-C5-5400;5373.82147;2
BEB-T1-C6-6200;7506.309236;3
BEB-T1-C6-6200;6191.308677;2
BJS-T1-C1-1000;1024.547328;4
BJS-T1-C1-1000;3431.107165;8
BJS-T1-C2-1700;1717.733917;4
BJS-T1-C2-1700;3993.282845;8
BJS-T1-C3-2600;2576.424434;4
BJS-T1-C3-2600;4550.577304;8
BJS-T1-C4-3800;3736.71728;4
BJS-T1-C4-3800;4898.990517;8
BJS-T1-C5-4800;4730.302795;4
BJS-T1-C5-4800;5620.332207;8
BJS-T1-C6-6000;5910.425086;4
BJS-T1-C6-6000;6603.777572;8
BJS-T2-C1-750;689.4716735;4
BJS-T2-C1-750;2863.68229;8
BJS-T2-C2-1300;1262.393174;4
BJS-T2-C2-1300;2664.924308;8
BJS-T2-C3-2200;2097.326017;4
BJS-T2-C3-2200;2800.524714;8
BJS-T2-C4-3600;3491.652563;4
BJS-T2-C4-3600;3994.681571;8
BJS-T2-C5-4700;4632.091926;4
BJS-T2-C5-4700;4496.558538;8
BJS-T2-C6-5800;5701.412872;4
BJS-T2-C6-5800;5340.162813;8
C1-T1-C1-1400;1757.75854;5
C1-T1-C1-1400;1724.464971;12
C1-T1-C1-330;417.0570111;15
C1-T1-C1-330;2255.986089;6
C1-T1-C2-2000;2084.793204;5
C1-T1-C2-2000;2286.844918;12
C1-T1-C2-830;925.6631058;15
C1-T1-C2-830;2637.330095;6
C1-T1-C3-1500;1796.95596;15
C1-T1-C3-1500;2228.566458;1
C1-T1-C3-2950;2864.104111;5
C1-T1-C3-2950;3177.397483;12
C1-T1-C4-2600;2722.752997;15
C1-T1-C4-2600;1332.893847;1
C1-T1-C4-4345;4177.828154;5
C1-T1-C4-4345;4529.470463;12
C1-T1-C5-6000;2157.912229;1
C1-T1-C5-6000;2759.266717;3
C1-T1-C5-6005;5906.917783;5
C1-T1-C5-6005;6044.420435;7
C1-T2-C1-1600;1625.389387;5
C1-T2-C1-1600;1870.035922;7
C1-T2-C1-600;710.1555441;15
C1-T2-C1-600;2328.07318;13
C1-T2-C2-1200;1319.887041;15
C1-T2-C2-1200;2914.38801;1
C1-T2-C2-2240;2217.15985;5
C1-T2-C2-2240;2275.198479;7
C1-T2-C3-2000;2086.748002;15
C1-T2-C3-2000;2114.883916;1
C1-T2-C3-3140;3122.757224;5
C1-T2-C3-3140;3107.978327;7
C1-T2-C4-3400;3501.305874;15
C1-T2-C4-3400;468.3736842;1
C1-T2-C4-4400;4371.457845;5
C1-T2-C4-4400;4441.773288;7
C1-T2-C5-6500;2655.961707;1
C1-T2-C5-6500;2255.928318;3
C1-T3-C1-1370;1282.128502;15
C1-T3-C1-1370;1409.682267;13
C1-T3-C2-2000;1915.42351;15
C1-T3-C2-2000;1049.436013;13
C1-T3-C3-2450;2404.651062;15
C1-T3-C3-2450;855.2394222;13
C1-T3-C4-4000;2084.164087;13
C1-T3-C4-4000;2103.566373;4
C1-T3-C5-6000;3698.981425;13
C1-T3-C5-6000;1052.54756;4
C1-T4-C1-1500;1399.360599;15
C1-T4-C1-1500;1253.634981;6
C1-T4-C2-2250;1810.380386;6
C1-T4-C2-2250;2077.981743;3
C1-T4-C3-3070;2945.781179;6
C1-T4-C3-3070;1273.183822;3
C1-T4-C4-4280;2765.344625;3
C1-T4-C4-4280;2352.739769;1
C1-T4-C5-5700;3864.077084;3
C1-T4-C5-5700;2893.935934;1
C2-T1-C1-1280;1829.990451;14
C2-T1-C1-1280;1278.669959;16
C2-T1-C1-1900;3186.525876;11
C2-T1-C1-1900;1910.575783;9
C2-T1-C2-2050;2332.744498;14
C2-T1-C2-2050;2052.620741;16
C2-T1-C2-2500;3465.694531;11
C2-T1-C2-2500;2575.500719;9
C2-T1-C3-2950;3005.13062;14
C2-T1-C3-2950;3096.151586;16
C2-T1-C3-3400;3879.676391;11
C2-T1-C3-3400;3475.57014;9
C2-T1-C4-4000;3774.54234;14
C2-T1-C4-4000;3563.226443;16
C2-T1-C4-4300;4562.587228;11
C2-T1-C4-4300;4341.09197;9
C2-T1-C5-5800;5545.836499;16
C2-T1-C5-5800;3667.77073;3
C2-T1-C5-5900;6160.802704;11
C2-T1-C5-5900;5923.696419;9
C2-T2-C1-2300;3326.833345;9
C2-T2-C1-2300;2934.083256;6
C2-T2-C1-950;1896.289157;14
C2-T2-C1-950;1157.231284;16
C2-T2-C2-1500;2245.199032;14
C2-T2-C2-1500;1629.494622;16
C2-T2-C2-3000;3502.702172;9
C2-T2-C2-3000;3550.995476;6
C2-T2-C3-2500;3072.975658;14
C2-T2-C3-2500;2562.873736;16
C2-T2-C3-3700;3813.284006;9
C2-T2-C3-3700;4233.030385;6
C2-T2-C4-4000;3932.742006;16
C2-T2-C4-4000;4198.068895;5
C2-T2-C4-4750;4268.09354;9
C2-T2-C4-4750;5162.506747;6
C2-T2-C5-6000;5942.995664;16
C2-T2-C5-6000;6085.676198;5
C2-T2-C5-6005;5713.66283;9
C2-T2-C5-6005;6686.345061;6
C2-T3-C1-1000;542.9968667;16
C2-T3-C1-1000;2157.544598;5
C2-T3-C1-700;1028.536568;9
C2-T3-C1-700;2344.351836;6
C2-T3-C2-1300;1635.746744;9
C2-T3-C2-1300;2296.911034;6
C2-T3-C2-1600;1112.79798;16
C2-T3-C2-1600;2254.430156;5
C2-T3-C3-2330;2679.097824;9
C2-T3-C3-2330;2852.053922;6
C2-T3-C3-2500;1910.027283;16
C2-T3-C3-2500;2124.12512;5
C2-T3-C4-3800;3379.126669;16
C2-T3-C4-3800;3321.423293;5
C2-T3-C4-3850;4140.871824;9
C2-T3-C4-3850;3790.037749;6
C2-T3-C5-5100;4464.955081;5
C2-T3-C5-5100;4479.208788;3
C2-T3-C5-6000;6313.617448;9
C2-T3-C5-6000;5514.194372;6
C2-T4-C1-1050;1228.196896;14
C2-T4-C1-1050;2082.335596;16
C2-T4-C2-1500;1549.519972;14
C2-T4-C2-1500;2363.118446;16
C2-T4-C3-2500;2645.904184;14
C2-T4-C3-2500;3034.899702;16
C2-T4-C4-4000;4201.369294;14
C2-T4-C4-4000;4764.343079;16
C2-T4-C5-6320;6490.162922;14
C2-T4-C5-6320;7229.581419;16
C3-T1-C1-1500;1472.930023;11
C3-T1-C1-1500;2838.413745;3
C3-T1-C1-830;1163.01046;3
C3-T1-C1-830;3856.329132;5
C3-T1-C2-1240;1504.096432;3
C3-T1-C2-1240;3982.617981;5
C3-T1-C2-2230;2221.669633;11
C3-T1-C2-2230;3292.075406;3
C3-T1-C3-2400;2625.694367;3
C3-T1-C3-2400;3767.170506;5
C3-T1-C3-3000;3025.497741;11
C3-T1-C3-3000;4046.172831;3
C3-T1-C4-3440;3686.126684;3
C3-T1-C4-3440;3863.060651;5
C3-T1-C4-4000;3995.746306;11
C3-T1-C4-4000;4861.528876;3
C3-T1-C5-4700;4717.636112;11
C3-T1-C5-4700;5626.556025;3
C3-T1-C5-6050;6261.398536;3
C3-T1-C5-6050;6218.804229;5
C3-T2-C1-200;1398.728302;3
C3-T2-C1-200;4335.602994;5
C3-T2-C1-450;470.7546205;11
C3-T2-C1-450;2454.333451;3
C3-T2-C2-1220;1237.068128;11
C3-T2-C2-1220;2658.5407;3
C3-T2-C2-550;1779.206873;3
C3-T2-C2-550;4560.46472;5
C3-T2-C3-1300;2463.624997;3
C3-T2-C3-1300;4906.225166;5
C3-T2-C3-2020;2027.122229;11
C3-T2-C3-2020;3037.122946;3
C3-T2-C4-3000;4109.291325;3
C3-T2-C4-3000;6027.524699;5
C3-T2-C4-3700;3727.724853;11
C3-T2-C4-3700;3861.086057;3
C3-T2-C5-6000;6042.812066;11
C3-T2-C5-6000;6161.340104;9
C3-T3-C1-1450;1464.169613;11
C3-T3-C1-1450;2576.364902;9
C3-T3-C2-2000;2009.735189;11
C3-T3-C2-2000;2465.026284;9
C3-T3-C3-3100;3103.664714;11
C3-T3-C3-3100;3167.246571;9
C3-T3-C4-4200;4221.535173;11
C3-T3-C4-4200;3930.073289;9
C3-T3-C5-6000;5443.367054;9
C3-T3-C5-6000;5594.619719;6
C4-T1-C1-1100;2894.312853;3
C4-T1-C1-1100;1156.443901;4
C4-T1-C2-1700;3420.52806;3
C4-T1-C2-1700;1684.110279;4
C4-T1-C2-2880;3425.450278;8
C4-T1-C2-2880;3116.947177;11
C4-T1-C3-2550;4265.337416;3
C4-T1-C3-2550;2502.694147;4
C4-T1-C3-3400;3928.466649;8
C4-T1-C3-3400;3616.003544;11
C4-T1-C4-3850;5591.910985;3
C4-T1-C4-3850;3822.442411;4
C4-T1-C4-4150;4607.127975;8
C4-T1-C4-4150;4373.798801;11
C4-T1-C5-5050;5193.405045;11
C4-T1-C5-5050;5264.4902;3
C4-T1-C5-6000;7686.110901;3
C4-T1-C5-6000;5920.00263;4
C4-T1-C6-5950;5998.724668;11
C4-T1-C6-5950;5945.126562;3
C4-T2-C1-1600;1542.560308;8
C4-T2-C1-1600;2120.008543;11
C4-T2-C1-1970;1949.133391;3
C4-T2-C1-1970;3130.757207;8
C4-T2-C2-2300;2309.652348;8
C4-T2-C2-2300;2723.729954;11
C4-T2-C2-3100;3120.865067;3
C4-T2-C2-3100;4132.246889;8
C4-T2-C3-3250;3160.825593;8
C4-T2-C3-3250;3562.482063;11
C4-T2-C3-3950;3939.454369;3
C4-T2-C3-3950;4807.393087;8
C4-T2-C4-4150;4081.34965;8
C4-T2-C4-4150;4431.802568;11
C4-T2-C4-4950;4922.293117;3
C4-T2-C4-4950;5531.852058;8
C4-T2-C5-5150;5425.232213;17
C4-T2-C5-5150;4976.446893;8
C4-T2-C5-6040;6009.458523;3
C4-T2-C5-6040;6565.719128;8
C4-T2-C6-6150;6189.618539;17
C4-T2-C6-6150;5985.41088;8
C4-T3-C1-950;1464.948234;11
C4-T3-C1-950;1771.08902;3
C4-T3-C2-1530;2084.555614;11
C4-T3-C2-1530;2024.13179;3
C4-T3-C3-2350;2879.648228;11
C4-T3-C3-2350;2656.400307;3
C4-T3-C4-3740;4281.074549;11
C4-T3-C4-3740;3812.225202;3
C4-T3-C5-4700;5223.6834;11
C4-T3-C5-4700;4639.053861;3
C4-T3-C6-6000;6507.37219;11
C4-T3-C6-6000;5861.300586;3
CAP-T1-C1-1000;880.9009764;11
CAP-T1-C1-1000;6204.945502;10
CAP-T1-C3-2500;2300.015669;11
CAP-T1-C3-2500;6553.360576;10
CAP-T1-C4-3750;3432.573168;11
CAP-T1-C4-3750;6959.726992;10
CAP-T1-C5-5000;4765.979639;11
CAP-T1-C5-5000;7613.630711;10
CAP-T1-C6-6000;5679.996391;11
CAP-T1-C6-6000;8088.165093;10
CAP-T2-C1-620_1;1206.299173;11
CAP-T2-C1-620_1;6806.476937;10
CAP-T2-C2-500_2;1515.962022;11
CAP-T2-C2-500_2;6830.194461;10
CAP-T2-C3-600_2;1203.483224;11
CAP-T2-C3-600_2;5741.981769;10
CAP-T2-C4-4510;1459.73625;11
CAP-T2-C4-4510;5202.616415;10
CAP-T3-C1-300;721.3056088;11
CAP-T3-C1-300;6501.671603;10
CAP-T3-C2-1000;1350.786689;11
CAP-T3-C2-1000;6842.929076;1
CAP-T3-C3-1700;2044.862027;11
CAP-T3-C3-1700;6815.91455;1
CAP-T3-C4-2000;2300.736777;11
CAP-T3-C4-2000;7274.455168;3
CAP-T3-C5-3500;3793.380815;11
CAP-T3-C5-3500;5974.833931;3
CAP-T3-C6-4600;4882.400244;11
CAP-T3-C6-4600;5698.003412;3
CAZ-T1-C1-250;281.5303195;46
CAZ-T1-C1-250;2188.819808;7
CAZ-T1-C2-680;753.4478632;46
CAZ-T1-C2-680;1682.417187;7
CAZ-T1-C3-1320;1442.975155;46
CAZ-T1-C3-1320;1216.332339;7
CAZ-T2-C1-450;606.0410081;46
CAZ-T2-C1-450;2666.803818;7
CAZ-T2-C2-2000;1841.318311;46
CAZ-T2-C2-2000;3083.017866;3
CAZ-T2-C3-2700;2579.784126;46
CAZ-T2-C3-2700;3051.327945;3
CAZ-T2-C4-4060;3924.120737;46
CAZ-T2-C4-4060;3011.755233;3
CAZ-T2-C5-6500;5835.438938;5
CAZ-T2-C5-6500;4462.34651;3
CAZ-T3-C1-1500;1307.897886;46
CAZ-T3-C1-1500;2593.417927;6
CAZ-T3-C2-2100;1863.953222;46
CAZ-T3-C2-2100;2437.237435;6
CAZ-T3-C3-3050;2831.165842;46
CAZ-T3-C3-3050;3085.866324;6
CAZ-T3-C4-4700;3277.705242;9
CAZ-T3-C4-4700;3960.130029;7
CUI-T1-C1-500;1284.399316;16
CUI-T1-C1-500;2063.315984;5
CUI-T1-C2-950;1737.346966;16
CUI-T1-C2-950;2174.713964;5
CUI-T1-C3-1500;2265.896154;16
CUI-T1-C3-1500;2475.153838;5
CUI-T1-C4-2670;3077.703725;16
CUI-T1-C4-2670;2822.382216;5
CUI-T1-C5-4100;4286.38195;5
CUI-T1-C5-4100;4163.374022;3
CUI-T2-C1-900;1011.455316;16
CUI-T2-C1-900;1510.82483;14
CUI-T2-C1.2-2700;2823.551511;16
CUI-T2-C1.2-2700;1828.494721;14
CUI-T2-C2-3500;3726.332889;16
CUI-T2-C2-3500;2822.309457;14
CUI-T2-C3-4600;4796.39899;16
CUI-T2-C3-4600;3789.674271;14
CUI-T2-C4-6500;5395.107906;14
CUI-T2-C4-6500;6512.582503;3
CUI-T2-C6-7000;5868.619009;14
CUI-T2-C6-7000;6881.347808;3
CUI-T3-C1-1460;1034.109522;16
CUI-T3-C1-1460;1734.096994;14
CUI-T3-C2-2070;1661.765867;16
CUI-T3-C2-2070;2673.652487;14
CUI-T3-C3-3300;2917.670057;16
CUI-T3-C3-3300;3087.132207;2
CUI-T3-C4-4100;3596.018896;3
CUI-T3-C4-4100;2337.98054;2
CUI-T3-C5-5670;3758.065027;3
CUI-T3-C5-5670;571.7793382;2
GRA-T1-C1-1300;1309.191969;7
GRA-T1-C1-1300;2431.319171;4
GRA-T1-C2-1800;1822.167672;7
GRA-T1-C2-1800;2861.690695;4
GRA-T1-C3-2800;2787.160442;7
GRA-T1-C3-2800;3392.47837;3
GRA-T1-C4-4100;4127.556793;7
GRA-T1-C4-4100;4149.535758;3
GRA-T1-C5-6000;5922.042383;3
GRA-T1-C5-6000;5380.479506;3
GRA-T2-C1-2060;2010.308602;7
GRA-T2-C1-2060;1750.488976;4
GRA-T2-C2-3600;2778.390271;2
GRA-T2-C2-3600;3267.447642;4
GRA-T2-C3-4500;2720.348157;2
GRA-T2-C3-4500;3998.653057;4
GRA-T2-C4-6000;4158.581187;2
GRA-T2-C4-6000;5071.021697;4
GRA-T2-C5-1300;1273.988238;7
GRA-T2-C5-1300;980.1945851;4
GRA-T2-C6-5600;3820.689586;2
GRA-T2-C6-5600;4785.957257;4
GRA-T3-C1-2100;2114.424791;7
GRA-T3-C1-2100;1244.066339;4
GRA-T3-C2-980;960.5117059;7
GRA-T3-C2-980;720.5842342;4
GRA-T3-C3-3100;3072.253033;7
GRA-T3-C3-3100;1932.248402;4
GRA-T3-C4-4100;4117.981869;7
GRA-T3-C4-4100;2968.160405;4
GRA-T3-C5-4330;4286.100132;7
GRA-T3-C5-4330;3170.47752;4
IND-T1-C1-500;439.6974418;1
IND-T1-C1-500;2600.150918;24
IND-T1-C2-1000;979.9570565;1
IND-T1-C2-1000;2724.428768;24
IND-T1-C3-1800;1745.68083;1
IND-T1-C3-1800;3157.638338;24
IND-T1-C4-3250;3278.688977;1
IND-T1-C4-3250;4978.716339;24
IND-T1-C5-4300;4294.156806;1
IND-T1-C5-4300;5883.34762;24
IND-T1-C6-5900;5880.383305;1
IND-T1-C6-5900;7194.421496;24
IUT-T1-C1-480;491.7749623;3
IUT-T1-C1-480;4197.024142;7
IUT-T1-C2-1000;1023.408971;3
IUT-T1-C2-1000;4604.392526;7
IUT-T1-C3-1750;1763.453533;3
IUT-T1-C3-1750;5193.095325;7
IUT-T1-C4-2800;2725.082882;3
IUT-T1-C4-2800;6039.439482;7
IUT-T1-C5-3300;3337.157761;3
IUT-T1-C5-3300;6931.445835;7
IUT-T1-C6-4000;4048.679912;3
IUT-T1-C6-4000;7740.650761;7
IUT-T1-C7-4700;4660.948461;3
IUT-T1-C7-4700;8374.660092;7
IUT-T1-C8-5300;5254.289221;3
IUT-T1-C8-5300;8878.014183;7
LAG-T1-C1-800;1227.829603;4
LAG-T1-C1-800;5598.701961;2
LAG-T1-C2-1380;1810.248187;4
LAG-T1-C2-1380;5601.072619;2
LAG-T1-C3-2400;2801.301924;4
LAG-T1-C3-2400;5372.196237;2
LAG-T1-C4-3550;3904.250769;4
LAG-T1-C4-3550;4951.222416;2
LAG-T1-C5-5000;5367.22592;4
LAG-T1-C5-5000;5236.509984;2
LAG-T1-C6-6070;6442.682166;4
LAG-T1-C6-6070;6001.656623;2
LIM-T1-C1-1800;1862.656245;20
LIM-T1-C1-1800;3196.599384;20
LIM-T1-C1-770;774.7772131;10
LIM-T1-C1-770;2099.60465;14
LIM-T1-C10-5800;2939.737709;9
LIM-T1-C10-5800;4169.160787;14
LIM-T1-C2-1300;1258.392977;10
LIM-T1-C2-1300;2116.35682;14
LIM-T1-C2-2400;2411.384299;20
LIM-T1-C2-2400;3166.774183;20
LIM-T1-C3-1800;1825.143976;10
LIM-T1-C3-1800;2398.979352;14
LIM-T1-C3-3100;3136.416148;20
LIM-T1-C3-3100;3549.24822;20
LIM-T1-C4-2400;2399.334518;10
LIM-T1-C4-2400;2723.57181;14
LIM-T1-C4-3600;3681.223644;20
LIM-T1-C4-3600;3963.854745;20
LIM-T1-C5-2800;2648.084069;3
LIM-T1-C5-2800;2690.560283;14
LIM-T1-C5-4200;4175.439578;20
LIM-T1-C5-4200;4165.907839;20
LIM-T1-C6-3380;2911.846491;3
LIM-T1-C6-3380;2631.017538;14
LIM-T1-C6-4900;4882.517997;20
LIM-T1-C6-4900;4676.889354;20
LIM-T1-C7-3930;3108.972834;3
LIM-T1-C7-3930;2901.960857;14
LIM-T1-C7-5700;5697.581978;20
LIM-T1-C7-5700;5206.946422;20
LIM-T1-C8-4550;3461.422991;9
LIM-T1-C8-4550;3032.586038;14
LIM-T1-C9-5170;3080.27343;9
LIM-T1-C9-5170;3601.842313;14
LIM-T2-C1-1000;1128.529417;20
LIM-T2-C1-1000;4045.197108;20
LIM-T2-C2-1500;1570.211902;20
LIM-T2-C2-1500;4533.152843;20
LIM-T2-C3-2000;2116.326132;20
LIM-T2-C3-2000;4912.706894;20
LIM-T2-C4-2600;2736.082869;20
LIM-T2-C4-2600;5208.517143;20
LIM-T2-C5-3300;3326.105515;20
LIM-T2-C5-3300;5538.300016;20
LIM-T2-C6-4100;4213.841821;20
LIM-T2-C6-4100;5892.23911;20
LIM-T2-C7-5000;5013.762192;20
LIM-T2-C7-5000;6379.914133;20
LIM-T2-C8-6000;5994.899422;20
LIM-T2-C8-6000;7154.734413;20
MAL-T1-C1-600;582.8702395;5
MAL-T1-C1-600;3491.182212;26
MAL-T1-C2-1100;1094.585812;5
MAL-T1-C2-1100;3396.195906;26
MAL-T1-C3-1900;1890.23569;5
MAL-T1-C3-1900;3804.146339;26
MAL-T1-C4-3000;2948.282401;5
MAL-T1-C4-3000;4945.406114;26
MAL-T1-C5-3800;3745.178215;5
MAL-T1-C5-3800;5795.577784;26
MAL-T2-C1-3300;3308.577849;5
MAL-T2-C1-3300;6805.051882;26
MAL-T2-C2-3200;3237.251736;5
MAL-T2-C2-3200;6915.523294;26
MAL-T2-C3-3700;3670.112655;5
MAL-T2-C3-3700;7406.715696;26
MAL-T2-C4-4500;4498.637114;5
MAL-T2-C4-4500;8235.829969;26
MAL-T2-C5-5000;5032.687695;5
MAL-T2-C5-5000;8770.967704;26
MAL-T2-C6-5500;5504.861082;5
MAL-T2-C6-5500;9225.396755;26
MAL-T2-C7-6200;6188.556036;5
MAL-T2-C7-6200;9912.846511;26
MAN-T1-C1-680;719.4680455;8
MAN-T1-C1-680;3029.724086;3
MAN-T1-C2-1450;1486.844176;8
MAN-T1-C2-1450;3791.564303;5
MAN-T1-C3-2150;2149.762221;8
MAN-T1-C3-2150;3706.619995;5
MAN-T1-C4-3550;3540.497953;8
MAN-T1-C4-3550;4338.920113;5
MAN-T1-C5-6000;5974.548003;8
MAN-T1-C5-6000;6067.760366;5
MAN-T2-C1-1700;1718.657184;8
MAN-T2-C1-1700;2134.077262;3
MAN-T2-C2-2500;2552.530553;8
MAN-T2-C2-2500;2006.94972;3
MAN-T2-C3-3300;3320.159836;8
MAN-T2-C3-3300;2201.221763;3
MAN-T2-C4-3900;3498.129285;4
MAN-T2-C4-3900;2416.898099;3
MAN-T2-C5-4600;4505.871982;4
MAN-T2-C5-4600;3990.255044;3
MAP-T1-C1-1100;1231.314602;49
MAP-T1-C1-1100;1335.196375;21
MAP-T1-C3-2560;2312.862098;21
MAP-T1-C3-2560;1389.969129;5
MAP-T1-C4-3950;1958.248568;5
MAP-T1-C4-3950;2454.931208;11
MAP-T1-C5-6050;3174.832481;11
MAP-T1-C5-6050;3649.138903;11
MAP-T2-C1-2500;1093.169563;21
MAP-T2-C1-2500;2434.63514;3
MAP-T2-C2-3000;1585.360233;21
MAP-T2-C2-3000;2622.03183;3
MAP-T2-C3-4000;2413.380876;21
MAP-T2-C3-4000;2761.50278;3
MAP-T2-C4-4950;3316.244939;21
MAP-T2-C4-4950;3304.807776;3
MAP-T2-C5-6200;3935.387509;3
MAP-T2-C5-6200;4219.508132;8
MAR-T1-C1-1000;3330.369344;12
MAR-T1-C1-1000;3537.240812;7
MAR-T1-C2-1600;3827.577228;12
MAR-T1-C2-1600;3801.623759;11
MAR-T1-C3-2500;4717.312131;12
MAR-T1-C3-2500;4505.900012;11
MAR-T1-C4-3900;6130.096832;12
MAR-T1-C4-3900;5800.203342;11
MAR-T1-C5-5000;7158.774849;12
MAR-T1-C5-5000;6678.380478;11
MAR-T1-C6-5400;7316.585784;12
MAR-T1-C6-5400;6747.895312;11
MOI-T1-C1-475;486.0037664;3
MOI-T1-C1-475;2146.874955;11
MOI-T1-C2-1300;1367.381488;3
MOI-T1-C2-1300;1650.582907;11
MOI-T1-C3-2300;2352.212491;3
MOI-T1-C3-2300;2090.026286;11
MOI-T1-C4-3500;3533.661376;3
MOI-T1-C4-3500;2955.889256;11
MOI-T1-C5-4600;4649.890376;3
MOI-T1-C5-4600;3847.710205;11
MOI-T1-C6-5700;5759.547776;3
MOI-T1-C6-5700;5018.406614;11
MOR-T1-C1-800;864.2186665;10
MOR-T1-C1-800;2333.838657;12
MOR-T1-C2-1300;1330.735499;10
MOR-T1-C2-1300;2452.592607;12
MOR-T1-C3-2250;2247.385317;10
MOR-T1-C3-2250;3112.316931;12
MOR-T1-C4-3070;3079.008964;10
MOR-T1-C4-3070;3679.277234;7
MOR-T2-C1-700;759.3876076;10
MOR-T2-C1-700;2658.070629;7
MOR-T2-C2-1400;1474.139852;10
MOR-T2-C2-1400;2459.669828;7
MOR-T2-C3-2200;2191.448263;10
MOR-T2-C3-2200;2617.760478;7
MOR-T3-C1-4000;2115.918758;7
MOR-T3-C1-4000;3159.245704;4
MOR-T3-C2-5340;3464.489128;7
MOR-T3-C2-5340;3794.911748;4
MOR-T3-C3-6000;4014.455077;7
MOR-T3-C3-6000;4015.742714;4
NVA-T1-C1-500;710.6025583;1
NVA-T1-C1-500;3374.654831;4
NVA-T1-C2-1100;1320.673843;1
NVA-T1-C2-1100;3616.117229;4
NVA-T1-C3-2000;2164.001753;1
NVA-T1-C3-2000;4079.295729;4
NVA-T1-C4-3250;3421.008206;1
NVA-T1-C4-3250;4930.401055;4
NVA-T1-C5-5500;5576.246519;1
NVA-T1-C5-5500;6745.85901;4
NVA-T2-C1-490;491.2798528;1
NVA-T2-C1-490;2429.285794;8
NVA-T2-C2-1250;1247.667001;1
NVA-T2-C2-1250;3179.883712;8
NVA-T2-C3-1950;1973.167547;1
NVA-T2-C3-1950;3911.781856;8
NVA-T2-C4-3250;3215.926116;1
NVA-T2-C4-3250;5019.563434;8
NVA-T2-C5-4000;3867.978932;1
NVA-T2-C5-4000;5619.182901;8
NVA-T3-C1-2390;2382.439138;7
NVA-T3-C1-2390;3769.148657;2
NVA-T3-C2-3050;3085.615857;7
NVA-T3-C2-3050;4721.158041;2
NVA-T3-C3-3750;3766.9805;7
NVA-T3-C3-3750;5352.747279;2
NVA-T3-C4-4900;5943.629694;14
NVA-T3-C4-4900;4925.994596;7
NVA-T3-C5-5800;6219.951259;14
NVA-T3-C5-5800;5771.00967;7
PER-T1-C1-1080;1136.96168;26
PER-T1-C1-1080;2067.004546;7
PER-T1-C1-1080;2067.004546;7
PER-T1-C2-1550;1635.693225;26
PER-T1-C2-1550;2506.981138;7
PER-T1-C2-1550;2506.981138;7
PER-T1-C3-2770;2827.134326;26
PER-T1-C3-2770;3622.633798;7
PER-T1-C3-2770;3622.633798;7
PER-T1-C4-4000;4016.405177;26
PER-T1-C4-4000;4706.035116;4
PER-T1-C4-4000;4706.035116;4
PER-T1-C5-5850;2863.345155;4
PER-T1-C5-5850;2863.345155;4
PER-T2-C1-550;544.5259025;26
PER-T2-C1-550;1886.775634;7
PER-T2-C1-550;1886.775634;7
PER-T2-C2-1550;1537.369121;26
PER-T2-C2-1550;1753.356541;7
PER-T2-C2-1550;1753.356541;7
PER-T2-C3-2460;2141.781653;7
PER-T2-C3-2460;2141.781653;7
PER-T2-C4-4090;3673.021474;7
PER-T2-C4-4090;3673.021474;7
PER-T2-C5-5670;5055.011633;7
PER-T2-C5-5670;5055.011633;7
PER-T3-C1-400;1083.0529;26
PER-T3-C1-400;1881.979382;5
PER-T3-C1-400;1881.979382;5
PER-T3-C2-1520;1457.339393;26
PER-T3-C2-1520;2326.856755;5
PER-T3-C2-1520;2326.856755;5
PER-T3-C3-2580;2496.652247;26
PER-T3-C3-2580;2834.877772;5
PER-T3-C3-2580;2834.877772;5
PER-T3-C4-3880;3736.125973;5
PER-T3-C4-3880;3736.125973;5
PER-T3-C5-5670;4927.245457;5
PER-T3-C5-5670;4927.245457;5
PER-T4-C1-1350;1422.184515;26
PER-T4-C1-1350;1637.647352;7
PER-T4-C1-1350;1637.647352;7
PER-T4-C2-2070;1995.190929;7
PER-T4-C2-2070;1995.190929;7
PER-T4-C3-2830;2460.751252;7
PER-T4-C3-2830;2460.751252;7
PER-T4-C4-4000;3659.247298;7
PER-T4-C4-4000;3659.247298;7
PER-T4-C5-6000;4740.556124;4
PER-T4-C5-6000;4740.556124;4
POR-T1-C1-500;348.1722724;8
POR-T1-C1-500;3250.905044;5
POR-T1-C2-1000;895.3597134;8
POR-T1-C2-1000;3768.128818;5
POR-T1-C3-1980;1893.56269;8
POR-T1-C3-1980;4807.146068;5
POR-T1-C4-3250;3201.382253;8
POR-T1-C4-3250;6110.23359;5
POR-T1-C5-4500;4473.35411;8
POR-T1-C5-4500;7391.478108;5
POR-T2-C1-2400;2306.971607;8
POR-T2-C1-2400;5178.134677;5
POR-T2-C2-3000;2811.204457;8
POR-T2-C2-3000;5585.945865;5
POR-T2-C3-3800;3667.403919;8
POR-T2-C3-3800;6357.917734;5
POR-T2-C4-4100;3925.401674;8
POR-T2-C4-4100;6512.932149;5
POR-T2-C5-3300;3156.542341;8
POR-T2-C5-3300;5824.713222;5
RED-T1-C1-750;352.6692454;10
RED-T1-C1-750;3152.576966;4
RED-T1-C2-1500;1069.843322;10
RED-T1-C2-1500;3567.374889;4
RED-T1-C3-2550;2129.846994;10
RED-T1-C3-2550;4128.959694;4
RED-T1-C4-3850;3448.700657;10
RED-T1-C4-3850;5054.448949;4
RED-T1-C5-6050;5729.080164;10
RED-T1-C5-6050;7503.7898;4
RED-T2-C1-1550;1182.285746;10
RED-T2-C1-1550;4063.567379;4
RED-T2-C2-2100;1801.96686;10
RED-T2-C2-2100;4657.29666;4
RED-T2-C3-3050;2688.775353;10
RED-T2-C3-3050;5450.289053;4
RED-T2-C4-4380;4074.494126;10
RED-T2-C4-4380;6929.097224;4
RED-T2-C5-6200;5932.53769;10
RED-T2-C5-6200;8895.637323;4
RED-T3-C1-950;1350.010189;10
RED-T3-C1-950;3914.700939;4
RED-T3-C2-1700;2102.11345;10
RED-T3-C2-1700;3497.998533;4
RED-T3-C3-2500;2944.726299;10
RED-T3-C3-2500;2458.20041;4
RED-T3-C4-3550;3988.859909;10
RED-T3-C4-3550;1514.660985;4
RED-T3-C5-4500;4932.126639;10
RED-T3-C5-4500;1550.886253;4
RED-T3-C6-6100;6240.60869;3
RED-T3-C6-6100;2242.102469;4
REM-T1-C1-950;863.2261635;10
REM-T1-C1-950;6622.689838;8
REM-T1-C2-1500;1472.494257;10
REM-T1-C2-1500;6859.162855;8
REM-T1-C3-2300;2267.787027;10
REM-T1-C3-2300;7309.126687;8
REM-T1-C4-3750;3716.260055;10
REM-T1-C4-3750;8093.912807;8
REM-T1-C5-4500;4424.515625;10
REM-T1-C5-4500;8699.278095;10
REM-T1-C6-5600;5487.460829;10
REM-T1-C6-5600;9027.479726;10
REM-T2-C1-1150;1160.850545;10
REM-T2-C1-1150;6423.018009;8
REM-T2-C2-1850;1793.239003;10
REM-T2-C2-1850;6643.542735;8
REM-T2-C3-2700;2609.231639;10
REM-T2-C3-2700;6912.692696;8
REM-T2-C4-4000;3892.201768;10
REM-T2-C4-4000;7811.24559;8
REM-T2-C5-4950;4865.665697;10
REM-T2-C5-4950;7139.769235;10
REM-T2-C6-5900;5838.088372;10
REM-T2-C6-5900;6586.411776;10
ROC-T1-C3-4070;4044.559905;1
ROC-T1-C3-4070;4420.715049;5
ROC-T1-C4-4880;4805.01118;4
ROC-T1-C4-4880;4308.774363;5
ROC-T1-C5-6050;5651.22229;4
ROC-T1-C5-6050;4641.31914;5
ROC-T2-C1-1150;1155.060797;1
ROC-T2-C1-1150;1937.845418;3
ROC-T2-C2-1850;1822.547878;1
ROC-T2-C2-1850;2761.157597;3
ROC-T2-C3-2780;2750.922551;1
ROC-T2-C3-2780;3567.979556;3
ROC-T2-C4-5400;5437.274363;1
ROC-T2-C4-5400;4883.753035;5
ROC-T2-C5-6000;5963.107437;1
ROC-T2-C5-6000;5286.584889;5
ROC-T3-C1-500;3206.588452;1
ROC-T3-C1-500;753.1520377;4
ROC-T3-C2-1500;3189.109887;1
ROC-T3-C2-1500;1760.597041;4
ROC-T3-C3-2770;3575.783283;1
ROC-T3-C3-2770;2909.230504;4
ROC-T3-C4-3500;4634.000129;1
ROC-T3-C4-3500;3465.749845;4
ROC-T3-C5-5000;5049.468703;4
ROC-T3-C5-5000;3800.237122;4
SAN-T1-C1-3500;3414.771023;6
SAN-T1-C1-3500;3352.844534;10
SAN-T1-C2-3000;2921.295772;6
SAN-T1-C2-3000;3129.287244;10
SAN-T1-C3-2500;2417.0609;6
SAN-T1-C3-2500;3120.872218;10
SAN-T1-C4-1700;1659.281812;6
SAN-T1-C4-1700;2712.97511;14
SAN-T1-C5-2000;1933.444428;6
SAN-T1-C5-2000;2953.108566;10
SAN-T1-C6-1900;1783.242747;6
SAN-T1-C6-1900;3424.858096;10
SFO-T1-C1-500;519.0565414;2
SFO-T1-C1-500;6778.216963;7
SFO-T1-C2-1000;981.5198248;2
SFO-T1-C2-1000;7282.109282;7
SFO-T1-C3-1600;1608.851874;2
SFO-T1-C3-1600;7869.188934;7
SFO-T1-C4-3100;3066.472832;2
SFO-T1-C4-3100;8566.245861;10
SFO-T1-C5-4600;4600.079152;2
SFO-T1-C5-4600;7306.493574;10
SFO-T1-C6-6000;6020.530353;2
SFO-T1-C6-6000;6108.753787;10
SFO-T2-C1-1000;1116.951291;2
SFO-T2-C1-1000;6449.214654;7
SFO-T2-C2-1550;1532.57156;2
SFO-T2-C2-1550;6579.766618;7
SFO-T2-C3-2400;2361.550239;2
SFO-T2-C3-2400;7413.835399;7
SFO-T2-C4-3750;3755.252857;2
SFO-T2-C4-3750;8800.722522;7
SFO-T2-C5-4760;4752.183003;2
SFO-T2-C5-4760;9687.192614;7
SFO-T2-C6-6000;5956.367856;2
SFO-T2-C6-6000;10198.59612;10
SJE-T1-C1-1200;1179.110453;4
SJE-T1-C1-1200;3367.14677;4
SJE-T1-C2-1900;1931.997062;4
SJE-T1-C2-1900;3457.410561;4
SJE-T1-C3-2600;2577.811239;4
SJE-T1-C3-2600;3900.380076;4
SJE-T1-C4-3900;3877.271154;4
SJE-T1-C4-3900;4413.580728;4
SJE-T1-C5-5100;5055.84526;4
SJE-T1-C5-5100;5694.267495;4
SJE-T2-C1-650;717.9476742;14
SJE-T2-C1-650;2289.850628;2
SJE-T2-C2-1420;1479.744185;14
SJE-T2-C2-1420;2918.016535;2
SJE-T2-C3-2250;2297.342766;14
SJE-T2-C3-2250;3735.327615;2
SJE-T2-C4-3700;3709.278185;14
SJE-T2-C4-3700;5169.626578;2
SJE-T2-C5-6070;6097.145889;14
SJE-T2-C5-6070;7202.764008;2
SJE-T3-C1-1150;1217.02923;14
SJE-T3-C1-1150;2275.928249;2
SJE-T3-C2-1900;2002.035658;14
SJE-T3-C2-1900;2684.395866;2
SJE-T3-C3-2700;2792.623796;14
SJE-T3-C3-2700;3326.877866;2
SJE-T4-C1-450;374.9682188;14
SJE-T4-C1-450;2390.218341;2
SJE-T4-C2-1070;1088.296041;14
SJE-T4-C2-1070;3271.650218;2
SJE-T4-C3-1930;1853.433014;14
SJE-T4-C3-1930;3955.853482;2
SJE-T4-C4-3250;3262.612974;14
SJE-T4-C4-3250;5224.348202;2
SJE-T4-C5-5500;5495.240544;14
SJE-T4-C5-5500;7535.675948;2
SJE-T4-C6-6550;6523.360474;14
SJE-T4-C6-6550;8482.000576;2
STA-T1-C1-1170;1160.836593;18
STA-T1-C1-1170;2534.967492;7
STA-T1-C2-1750;1737.586019;18
STA-T1-C2-1750;2721.64349;7
STA-T1-C3-2700;2707.526719;18
STA-T1-C3-2700;3398.112651;7
STA-T1-C4-4200;4190.138608;18
STA-T1-C4-4200;4877.890023;2
STA-T1-C5-6200;6181.099289;18
STA-T1-C5-6200;6419.809399;2
STA-T2-C1-2250;2246.292597;18
STA-T2-C1-2250;2922.851008;7
STA-T2-C2-2900;2896.05922;18
STA-T2-C2-2900;3335.766263;2
STA-T2-C3-2800;2777.665368;18
STA-T2-C3-2800;3652.491697;2
STA-T2-C4-5000;4963.445704;18
STA-T2-C4-5000;5312.860386;7
STA-T2-C5-5950;5916.570434;18
STA-T2-C5-5950;6052.86203;7