camera_id;RESEX;Comunidade;Dist.AP;Distancia
1012;RDA;BAUANA;10859.67658;10859.67658
1013;RDA;BAUANA;10800.38109;10800.38109
1014;RDA;BAUANA;10685.39423;10685.39423
1015;RDA;BAUANA;10765.0454;10765.0454
1021;RDA;Matura;20733.39666;20733.39666
1022;RDA;Matura;20768.87645;20768.87645
1023;RDA;Matura;20682.06037;20682.06037
1024;RDA;Matura;19371.19027;19371.19027
1025;RDA;Matura;17393.80922;17393.80922
1031;RDA;Bom Jesus Jurua;1835.490854;1835.490854
1032;RDA;Bom Jesus Jurua;1918.523582;1918.523582
1033;RDA;Bom Jesus Jurua;2021.634484;2021.634484
1034;RDA;Bom Jesus Jurua;2493.923231;2493.923231
1035;RDA;Bom Jesus Jurua;4214.245422;4214.245422
1041;RDA;Bom Jesus Jurua;304.3588178;304.3588178
1042;RDA;Bom Jesus Jurua;559.3132811;559.3132811
1043;RDA;Bom Jesus Jurua;1216.125526;1216.125526
1044;RDA;Bom Jesus Jurua;1059.286884;1059.286884
1045;RDA;Bom Jesus Jurua;1459.441947;1459.441947
1051;RDA;Novo Unaci;19433.01477;19433.01477
1052;RDA;Novo Unaci;19828.27683;19828.27683
1053;RDA;Novo Unaci;20474.71669;20474.71669
1054;RDA;Novo Unaci;22451.8328;22451.8328
1061;RDA;Sao Raimundo;26388.84591;26388.84591
1062;RDA;Sao Raimundo;26173.20892;26173.20892
1063;RDA;Sao Raimundo;25616.543;25616.543
1064;RDA;Sao Raimundo;24317.52499;24317.52499
1065;RDA;Sao Raimundo;24081.43052;24081.43052
2031;RDA;Z;1005.047886;1005.047886
2032;RDA;Z;1172.721969;1172.721969
2033;RDA;Z;805.6838279;805.6838279
2034;RDA;Z;1098.515254;1098.515254
2041;RDA;Z;1691.729189;1691.729189
2042;RDA;Z;1788.7132;1788.7132
2043;RDA;Z;1937.336282;1937.336282
2044;RDA;Z;1339.808094;1339.808094
2051;RDA;Pupuai;2615.749536;2615.749536
2052;RDA;Pupuai;2929.290351;2929.290351
2053;RDA;Pupuai;3592.082834;3592.082834
2054;RDA;Pupuai;5574.022902;5574.022902
2055;RDA;Pupuai;4795.155641;4795.155641
2061;RDA;ROQUE;6338.162524;6338.162524
2062;RDA;ROQUE;6334.437258;6334.437258
2063;RDA;ROQUE;6316.782611;6316.782611
2064;RDA;ROQUE;7782.346389;7782.346389
2065;RDA;ROQUE;5948.879408;5948.879408
2071;RDA;ROQUE;6019.331493;6019.331493
2072;RDA;ROQUE;5955.848607;5955.848607
2073;RDA;ROQUE;5913.186394;5913.186394
2074;RDA;ROQUE;6385.937794;6385.937794
2081;RDA;E;10022.47867;10022.47867
2082;RDA;E;10297.39807;10297.39807
2083;RDA;E;10836.1684;10836.1684
2084;RDA;E;12562.3355;12562.3355
2091;RDA;FORTUNA;9053.841706;9053.841706
2092;RDA;FORTUNA;9142.213803;9142.213803
2093;RDA;FORTUNA;9592.581066;9592.581066
2094;RDA;FORTUNA;10980.56267;10980.56267
2095;RDA;FORTUNA;12650.91349;12650.91349
2101;RDA;Imperatrix;1932.033181;1932.033181
2102;RDA;Imperatrix;2146.878914;2146.878914
3061;RDA;Bonfim;3639.569774;3639.569774
3062;RDA;Bonfim;3890.13217;3890.13217
3063;RDA;Bonfim;3010.819972;3010.819972
3064;RDA;Bonfim;1383.31065;1383.31065
3065;RDA;Bonfim;654.0408942;654.0408942
3071;RDA;Xibauazinho;5758.210333;5758.210333
3072;RDA;Xibauazinho;5452.551127;5452.551127
3073;RDA;Xibauazinho;4834.930957;4834.930957
3074;RDA;Xibauazinho;2810.384288;2810.384288
3075;RDA;Xibauazinho;224.4073582;224.4073582
3081;RDA;Xibaua;17295.95766;17295.95766
3082;RDA;Xibaua;17561.39024;17561.39024
3083;RDA;Xibaua;18065.39124;18065.39124
3084;RDA;Xibaua;19917.1768;19917.1768
3085;RDA;Xibaua;20764.58023;20764.58023
3091;RDA;Carocal;21095.18211;21095.18211
3092;RDA;Carocal;20915.64169;20915.64169
3093;RDA;Carocal;20425.63595;20425.63595
3094;RDA;Carocal;18129.48509;18129.48509
4011;RDA;Sao Jose (Anaxiqui);13823.79238;13823.79238
4012;RDA;Sao Jose (Anaxiqui);13637.68604;13637.68604
4013;RDA;Sao Jose (Anaxiqui);13133.98886;13133.98886
4014;RDA;Sao Jose (Anaxiqui);11388.8869;11388.8869
4015;RDA;Sao Jose (Anaxiqui);9126.186852;9126.186852
4022;RDA;B;21534.29256;21534.29256
4023;RDA;B;20840.7548;20840.7548
4024;RDA;B;19772.70294;19772.70294
4031;RDA;X;27727.27527;27727.27527
4032;RDA;X;27448.19876;27448.19876
4033;RDA;X;26840.64168;26840.64168
4034;RDA;X;24839.48162;24839.48162
4035;RDA;X;22055.1517;22055.1517
4041;RDA;C;31463.60289;31463.60289
4042;RDA;C;31191.41702;31191.41702
4043;RDA;C;30500.80986;30500.80986
4044;RDA;C;28544.79206;28544.79206
4045;RDA;C;25651.64022;25651.64022
4051;RDA;D;24242.5883;24242.5883
4053;RDA;D;23287.74874;23287.74874
4054;RDA;D;21361.63253;21361.63253
5011;RDA;Sororoca;18508.62512;18508.62512
5012;RDA;Sororoca;18498.98821;18498.98821
5013;RDA;Sororoca;18020.52777;18020.52777
5014;RDA;Sororoca;17459.20378;17459.20378
5015;RDA;Sororoca;16808.23043;16808.23043
5021;RDA;Sororoca;14099.5874;14099.5874
5022;RDA;Sororoca;13907.95993;13907.95993
5023;RDA;Sororoca;13442.6045;13442.6045
5024;RDA;Sororoca;12087.89904;12087.89904
5025;RDA;Sororoca;10409.54118;10409.54118
5031;RDA;Matura;19326.72732;19326.72732
5032;RDA;Matura;19234.64382;19234.64382
5033;RDA;Matura;19816.18795;19816.18795
5034;RDA;Matura;20564.93052;20564.93052
5035;RDA;Matura;21587.77463;21587.77463
5041;RDA;Matura;18562.79209;18562.79209
5042;RDA;Matura;18385.73753;18385.73753
5043;RDA;Matura;17815.5841;17815.5841
5044;RDA;Matura;16106.94266;16106.94266
5045;RDA;Matura;14551.53592;14551.53592
5052;RDA;FORTUNA;8733.034065;8733.034065
5053;RDA;FORTUNA;9401.454501;9401.454501
5054;RDA;FORTUNA;10869.16315;10869.16315
5055;RDA;FORTUNA;10316.22273;10316.22273
5061;RDA;ROQUE;6078.056276;6078.056276
5062;RDA;ROQUE;6369.846606;6369.846606
5063;RDA;ROQUE;7033.878072;7033.878072
5064;RDA;ROQUE;8999.203559;8999.203559
5065;RDA;ROQUE;9833.508621;9833.508621
5072;RDA;Pupuai;3342.092645;3342.092645
5073;RDA;Pupuai;2756.684417;2756.684417
5074;RDA;Pupuai;1960.479922;1960.479922
5075;RDA;Pupuai;907.9732822;907.9732822
6021;RDA;Bareira do ido;25187.68975;25187.68975
6022;RDA;Bareira do ido;24956.40602;24956.40602
6023;RDA;Bareira do ido;24829.18402;24829.18402
6031;RDA;BAUANA;10100.5968;10100.5968
6032;RDA;BAUANA;10073.11261;10073.11261
6033;RDA;BAUANA;10959.54;10959.54
6034;RDA;BAUANA;10875.1893;10875.1893
6041;RDA;6041;20899.50944;20899.50944
7041;RDU;tucumaiduba;1231.460114;1231.460114
7042;RDU;tucumaiduba;1457.458138;1457.458138
7045;RDU;tucumaiduba;903.9251995;903.9251995
7051;RDU;N;4266.087579;4266.087579
7052;RDU;N;4313.780583;4313.780583
7053;RDU;N;4401.615605;4401.615605
7054;RDU;N;4354.764739;4354.764739
7061;RDU;flechal;7055.134064;7055.134064
7062;RDU;flechal;6752.596898;6752.596898
7063;RDU;flechal;6101.979476;6101.979476
7064;RDU;flechal;4123.975547;4123.975547
7071;RDU;R;1849.331477;1849.331477
7072;RDU;R;1875.627303;1875.627303
7073;RDU;R;2030.092009;2030.092009
7074;RDU;R;1548.963272;1548.963272
7075;RDU;R;790.5447105;790.5447105
7081;RDU;livramento;13773.70085;13773.70085
7082;RDU;livramento;13605.87363;13605.87363
7083;RDU;livramento;13260.35061;13260.35061
7084;RDU;livramento;12315.95411;12315.95411
7085;RDU;livramento;11337.03854;11337.03854
7091;RDU;sao francisco_1;7052.387395;7052.387395
7093;RDU;sao francisco_1;6297.778467;6297.778467
7094;RDU;sao francisco_1;5060.495265;5060.495265
7095;RDU;sao francisco_1;2898.613243;2898.613243
7101;RDU;sta lucia jacarequar;10856.94175;10856.94175
7102;RDU;sta lucia jacarequar;10671.20682;10671.20682
7103;RDU;sta lucia jacarequar;10239.30836;10239.30836
7104;RDU;sta lucia jacarequar;9322.650928;9322.650928
7105;RDU;sta lucia jacarequar;6566.790127;6566.790127
7111;RDU;O;7198.885085;7198.885085
7112;RDU;O;7033.274641;7033.274641
7113;RDU;O;6751.388934;6751.388934
7114;RDU;O;4259.817574;4259.817574
7115;RDU;O;1456.969231;1456.969231
8041;RDU;P;4211.565912;4211.565912
8042;RDU;P;3892.386417;3892.386417
8043;RDU;P;3266.202793;3266.202793
8044;RDU;P;1792.296941;1792.296941
8045;RDU;P;99.04576365;99.04576365
8051;RDU;nossa sra de fatima;36.19233615;36.19233615
8052;RDU;nossa sra de fatima;209.7535805;209.7535805
8053;RDU;nossa sra de fatima;463.0317989;463.0317989
8054;RDU;nossa sra de fatima;793.0343442;793.0343442
8055;RDU;nossa sra de fatima;155.1393386;155.1393386
ALE-T1-C1-288;Riozinho_Liberdade;Alegria_2;541.8010601;541.8010601
ALE-T1-C2-850;Riozinho_Liberdade;Alegria_2;179.6552594;179.6552594
ALE-T1-C3-2550;Riozinho_Liberdade;Alegria_2;92.66727614;92.66727614
ALE-T1-C4-4800;Riozinho_Liberdade;Alegria_2;449.9968417;449.9968417
ALE-T1-C5-5900;Riozinho_Liberdade;Alegria_2;218.1871245;218.1871245
ALE-T2-C1-850;Riozinho_Liberdade;Alegria;701.214079;701.214079
ALE-T2-C2-1500;Riozinho_Liberdade;Alegria;233.1850717;233.1850717
ALE-T2-C3-2800;Riozinho_Liberdade;Alegria;366.5680731;366.5680731
ALE-T2-C4-4200;Riozinho_Liberdade;Alegria;134.5977493;134.5977493
ALE-T2-C5-6180;Riozinho_Liberdade;Alegria;490.1869825;490.1869825
C2-T2-C1-2300;Riozinho_Liberdade;São João_2;1778.086388;1778.086388
C2-T2-C2-3000;Riozinho_Liberdade;São João_2;1497.773527;1497.773527
C2-T2-C3-3700;Riozinho_Liberdade;São João_2;1190.153742;1190.153742
C2-T2-C4-4750;Riozinho_Liberdade;São João_2;569.9637151;569.9637151
C2-T2-C5-6005;Riozinho_Liberdade;São João_2;515.5025675;515.5025675
CAZ-T1-C1-250;Cazumbá-iracema;Cazumbá;5938.088962;5938.088962
CAZ-T1-C2-680;Cazumbá-iracema;Cazumbá;5765.194588;5765.194588
CAZ-T1-C3-1320;Cazumbá-iracema;Cazumbá;5646.441514;5646.441514
CAZ-T2-C1-450;Cazumbá-iracema;Cazumbá;6284.23381;6284.23381
CAZ-T2-C2-2000;Cazumbá-iracema;Cazumbá;6515.685533;6515.685533
CAZ-T2-C3-2700;Cazumbá-iracema;Cazumbá;6597.889745;6597.889745
CAZ-T2-C4-4060;Cazumbá-iracema;Cazumbá;7194.561744;7194.561744
CAZ-T2-C5-6500;Cazumbá-iracema;Cazumbá;8077.44224;8077.44224
CAZ-T3-C1-1500;Cazumbá-iracema;Cazumbá;5681.493703;5681.493703
CAZ-T3-C2-2100;Cazumbá-iracema;Cazumbá;5218.017263;5218.017263
CAZ-T3-C3-3050;Cazumbá-iracema;Cazumbá;5000.390862;5000.390862
CAZ-T3-C4-4700;Cazumbá-iracema;Cazumbá;4088.223996;4088.223996
CUI-T1-C1-500;Cazumbá-iracema;Cuidado;9326.109823;9326.109823
CUI-T1-C2-950;Cazumbá-iracema;Cuidado;9670.201846;9670.201846
CUI-T1-C3-1500;Cazumbá-iracema;Cuidado;10114.53903;10114.53903
CUI-T1-C4-2670;Cazumbá-iracema;Cuidado;10520.78687;10520.78687
CUI-T1-C5-4100;Cazumbá-iracema;Cuidado;11069.77366;11069.77366
CUI-T2-C1-900;Cazumbá-iracema;Cuidado;10064.30646;10064.30646
CUI-T2-C1.2-2700;Cazumbá-iracema;Cuidado;11909.82831;11909.82831
CUI-T2-C2-3500;Cazumbá-iracema;Cuidado;12725.76075;12725.76075
CUI-T2-C3-4600;Cazumbá-iracema;Cuidado;13776.90674;13776.90674
CUI-T2-C4-6500;Cazumbá-iracema;Cuidado;14031.25794;14031.25794
CUI-T2-C6-7000;Cazumbá-iracema;Cuidado;13857.01842;13857.01842
CUI-T3-C1-1460;Cazumbá-iracema;Cuidado;9064.923733;9064.923733
CUI-T3-C2-2070;Cazumbá-iracema;Cuidado;8138.476829;8138.476829
CUI-T3-C3-3300;Cazumbá-iracema;Cuidado;7588.765416;7588.765416
CUI-T3-C4-4100;Cazumbá-iracema;Cuidado;7478.272684;7478.272684
CUI-T3-C5-5670;Cazumbá-iracema;Cuidado;7809.8127;7809.8127
GRA-T1-C1-1300;Cazumbá-iracema;Granja;6747.344694;6747.344694
GRA-T1-C2-1800;Cazumbá-iracema;Granja;6521.573686;6521.573686
GRA-T1-C3-2800;Cazumbá-iracema;Granja;6284.928736;6284.928736
GRA-T1-C4-4100;Cazumbá-iracema;Granja;5853.164697;5853.164697
GRA-T1-C5-6000;Cazumbá-iracema;Granja;6243.403486;6243.403486
GRA-T2-C1-2060;Cazumbá-iracema;Granja;8593.37583;8593.37583
GRA-T2-C2-3600;Cazumbá-iracema;Granja;9816.753865;9816.753865
GRA-T2-C3-4500;Cazumbá-iracema;Granja;8994.426518;8994.426518
GRA-T2-C4-6000;Cazumbá-iracema;Granja;8002.712329;8002.712329
GRA-T2-C5-1300;Cazumbá-iracema;Granja;7784.229529;7784.229529
GRA-T2-C6-5600;Cazumbá-iracema;Granja;8230.826044;8230.826044
GRA-T3-C1-2100;Cazumbá-iracema;Granja;7950.212758;7950.212758
GRA-T3-C2-980;Cazumbá-iracema;Granja;7376.061624;7376.061624
GRA-T3-C3-3100;Cazumbá-iracema;Granja;8103.028083;8103.028083
GRA-T3-C4-4100;Cazumbá-iracema;Granja;8720.672913;8720.672913
GRA-T3-C5-4330;Cazumbá-iracema;Granja;8938.640307;8938.640307
IND-T1-C1-500;Médio Purus;Independência;413.8826848;413.8826848
IND-T1-C2-1000;Médio Purus;Independência;230.6405436;230.6405436
IND-T1-C3-1800;Médio Purus;Independência;388.7943125;388.7943125
IND-T1-C4-3250;Médio Purus;Independência;2163.309599;2163.309599
IND-T1-C5-4300;Médio Purus;Independência;3007.274723;3007.274723
IND-T1-C6-5900;Médio Purus;Independência;3361.901544;3361.901544
LIM-T1-C1-1800;Médio Purus;Limeira;3770.387644;3770.387644
LIM-T1-C1-770;Riozinho_Liberdade;Limão;9055.64657;9055.64657
LIM-T1-C10-5800;Riozinho_Liberdade;Limão;6574.671986;6574.671986
LIM-T1-C2-1300;Riozinho_Liberdade;Limão;8568.433214;8568.433214
LIM-T1-C2-2400;Médio Purus;Limeira;3700.87773;3700.87773
LIM-T1-C3-1800;Riozinho_Liberdade;Limão;7994.939703;7994.939703
LIM-T1-C3-3100;Médio Purus;Limeira;3982.830215;3982.830215
LIM-T1-C4-2400;Riozinho_Liberdade;Limão;7415.310325;7415.310325
LIM-T1-C4-3600;Médio Purus;Limeira;4329.094138;4329.094138
LIM-T1-C5-2800;Riozinho_Liberdade;Limão;7071.879952;7071.879952
LIM-T1-C5-4200;Médio Purus;Limeira;4367.4502;4367.4502
LIM-T1-C6-3380;Riozinho_Liberdade;Limão;6804.993227;6804.993227
LIM-T1-C6-4900;Médio Purus;Limeira;3821.373102;3821.373102
LIM-T1-C7-3930;Riozinho_Liberdade;Limão;6546.195449;6546.195449
LIM-T1-C7-5700;Médio Purus;Limeira;3433.222202;3433.222202
LIM-T1-C8-4550;Riozinho_Liberdade;Limão;6858.496537;6858.496537
LIM-T1-C9-5170;Riozinho_Liberdade;Limão;6608.047408;6608.047408
LIM-T2-C1-1000;Médio Purus;Limeira;4652.004836;4652.004836
LIM-T2-C2-1500;Médio Purus;Limeira;5134.84364;5134.84364
LIM-T2-C3-2000;Médio Purus;Limeira;5503.017697;5503.017697
LIM-T2-C4-2600;Médio Purus;Limeira;5057.87838;5057.87838
LIM-T2-C5-3300;Médio Purus;Limeira;4462.365958;4462.365958
LIM-T2-C6-4100;Médio Purus;Limeira;3519.235507;3519.235507
LIM-T2-C7-5000;Médio Purus;Limeira;2704.835559;2704.835559
LIM-T2-C8-6000;Médio Purus;Limeira;1714.883508;1714.883508
MAL-T1-C1-600;Médio Purus;Maloca;8804.038499;8804.038499
MAL-T1-C2-1100;Médio Purus;Maloca;8627.756932;8627.756932
MAL-T1-C3-1900;Médio Purus;Maloca;7762.112656;7762.112656
MAL-T1-C4-3000;Médio Purus;Maloca;6538.183351;6538.183351
MAL-T1-C5-3800;Médio Purus;Maloca;5724.182836;5724.182836
MAL-T2-C1-3300;Médio Purus;Maloca;9930.82075;9930.82075
MAL-T2-C2-3200;Médio Purus;Maloca;9073.700963;9073.700963
MAL-T2-C3-3700;Médio Purus;Maloca;8338.671721;8338.671721
MAL-T2-C4-4500;Médio Purus;Maloca;7563.146233;7563.146233
MAL-T2-C5-5000;Médio Purus;Maloca;7482.326374;7482.326374
MAL-T2-C6-5500;Médio Purus;Maloca;6962.770796;6962.770796
MAL-T2-C7-6200;Médio Purus;Maloca;6938.351686;6938.351686
MAN-T1-C1-680;Arapixi;Manitiã;8133.830509;8133.830509
MAN-T1-C2-1450;Arapixi;Manitiã;7961.137665;7961.137665
MAN-T1-C3-2150;Arapixi;Manitiã;7991.036546;7991.036546
MAN-T1-C4-3550;Arapixi;Manitiã;7192.830977;7192.830977
MAN-T1-C5-6000;Arapixi;Manitiã;5845.385452;5845.385452
MAN-T2-C1-1700;Arapixi;Manitiã;7130.685448;7130.685448
MAN-T2-C2-2500;Arapixi;Manitiã;6229.816166;6229.816166
MAN-T2-C3-3300;Arapixi;Manitiã;5485.215331;5485.215331
MAN-T2-C4-3900;Arapixi;Manitiã;4914.772874;4914.772874
MAN-T2-C5-4600;Arapixi;Manitiã;5070.162867;5070.162867
MAP-T1-C1-1100;Riozinho_Liberdade;Mapes;6200.725979;6200.725979
MAP-T1-C3-2560;Riozinho_Liberdade;Mapes;4802.598785;4802.598785
MAP-T1-C4-3950;Riozinho_Liberdade;Mapes;3677.75357;3677.75357
MAP-T1-C5-6050;Riozinho_Liberdade;Mapes;2380.725581;2380.725581
MAP-T2-C1-2500;Riozinho_Liberdade;Mapes_2;6190.397331;6190.397331
MAP-T2-C2-3000;Riozinho_Liberdade;Mapes_2;5841.284898;5841.284898
MAP-T2-C3-4000;Riozinho_Liberdade;Mapes_2;4915.221718;4915.221718
MAP-T2-C4-4950;Riozinho_Liberdade;Mapes_2;4027.764838;4027.764838
MAP-T2-C5-6200;Riozinho_Liberdade;Mapes_2;2966.176383;2966.176383
MAR-T1-C1-1000;Arapixi;Maracaju;3971.402527;3971.402527
MAR-T1-C2-1600;Arapixi;Maracaju;3516.423687;3516.423687
MAR-T1-C3-2500;Arapixi;Maracaju;3282.237473;3282.237473
MAR-T1-C4-3900;Arapixi;Maracaju;3340.994512;3340.994512
MAR-T1-C5-5000;Arapixi;Maracaju;3103.287249;3103.287249
MAR-T1-C6-5400;Arapixi;Maracaju;2832.238162;2832.238162
MOI-T1-C1-475;Arapixi;Moisés;2044.337381;2044.337381
MOI-T1-C2-1300;Arapixi;Moisés;2598.418381;2598.418381
MOI-T1-C3-2300;Arapixi;Moisés;1877.289158;1877.289158
MOI-T1-C4-3500;Arapixi;Moisés;994.5168332;994.5168332
MOI-T1-C5-4600;Arapixi;Moisés;345.5350678;345.5350678
MOI-T1-C6-5700;Arapixi;Moisés;362.2079707;362.2079707
MOR-T1-C1-800;Riozinho_Liberdade;Morro da Pedra;6864.011867;6864.011867
MOR-T1-C2-1300;Riozinho_Liberdade;Morro da Pedra;6443.750874;6443.750874
MOR-T1-C3-2250;Riozinho_Liberdade;Morro da Pedra;5806.086117;5806.086117
MOR-T1-C4-3070;Riozinho_Liberdade;Morro da Pedra;5110.247778;5110.247778
MOR-T2-C1-700;Riozinho_Liberdade;Morro da Pedra;7419.652037;7419.652037
MOR-T2-C2-1400;Riozinho_Liberdade;Morro da Pedra;6951.435908;6951.435908
MOR-T2-C3-2200;Riozinho_Liberdade;Morro da Pedra;6309.346539;6309.346539
MOR-T3-C1-4000;Riozinho_Liberdade;Morro da Pedra;6533.715174;6533.715174
MOR-T3-C2-5340;Riozinho_Liberdade;Morro da Pedra;5098.735629;5098.735629
MOR-T3-C3-6000;Riozinho_Liberdade;Morro da Pedra;4456.633842;4456.633842
NVA-T1-C1-500;Arapixi;T;8171.213066;8171.213066
NVA-T1-C2-1100;Arapixi;T;7873.717517;7873.717517
NVA-T1-C3-2000;Arapixi;T;7568.783227;7568.783227
NVA-T1-C4-3250;Arapixi;T;7248.013362;7248.013362
NVA-T1-C5-5500;Arapixi;T;7275.725384;7275.725384
NVA-T2-C1-490;Arapixi;U;2628.470878;2628.470878
NVA-T2-C2-1250;Arapixi;U;2524.276386;2524.276386
NVA-T2-C3-1950;Arapixi;U;1967.418675;1967.418675
NVA-T2-C4-3250;Arapixi;U;263.5861756;263.5861756
NVA-T2-C5-4000;Arapixi;U;433.5754165;433.5754165
NVA-T3-C1-2390;Arapixi;Nova Amélia;6019.444207;6019.444207
NVA-T3-C2-3050;Arapixi;Nova Amélia;5728.616221;5728.616221
NVA-T3-C3-3750;Arapixi;Nova Amélia;5058.16621;5058.16621
NVA-T3-C4-4900;Arapixi;Nova Amélia;3982.942376;3982.942376
NVA-T3-C5-5800;Arapixi;Nova Amélia;3280.145989;3280.145989
PER-T1-C1-1080;Riozinho_Liberdade;Periquito;20157.04926;20157.04926
PER-T1-C2-1550;Riozinho_Liberdade;Periquito;19656.75961;19656.75961
PER-T1-C3-2770;Riozinho_Liberdade;Periquito;18534.20078;18534.20078
PER-T1-C4-4000;Riozinho_Liberdade;Periquito;17540.8755;17540.8755
PER-T1-C5-5850;Riozinho_Liberdade;Periquito;16071.7803;16071.7803
PER-T2-C1-550;Riozinho_Liberdade;Periquito;21314.65022;21314.65022
PER-T2-C2-1550;Riozinho_Liberdade;Periquito;22187.97917;22187.97917
PER-T2-C3-2460;Riozinho_Liberdade;Periquito;22739.87362;22739.87362
PER-T2-C4-4090;Riozinho_Liberdade;Periquito;24204.51012;24204.51012
PER-T2-C5-5670;Riozinho_Liberdade;Periquito;23033.00789;23033.00789
PER-T3-C1-400;Riozinho_Liberdade;Periquito;21004.49447;21004.49447
PER-T3-C2-1520;Riozinho_Liberdade;Periquito;21730.78118;21730.78118
PER-T3-C3-2580;Riozinho_Liberdade;Periquito;22663.71778;22663.71778
PER-T3-C4-3880;Riozinho_Liberdade;Periquito;23786.92586;23786.92586
PER-T3-C5-5670;Riozinho_Liberdade;Periquito;24369.42884;24369.42884
PER-T4-C1-1350;Riozinho_Liberdade;Periquito;19925.42662;19925.42662
PER-T4-C2-2070;Riozinho_Liberdade;Periquito;19185.15338;19185.15338
PER-T4-C3-2830;Riozinho_Liberdade;Periquito;18435.95267;18435.95267
PER-T4-C4-4000;Riozinho_Liberdade;Periquito;17220.61509;17220.61509
PER-T4-C5-6000;Riozinho_Liberdade;Periquito;15184.26456;15184.26456
POR-T1-C1-500;Médio Purus;Porongaba;17185.49091;17185.49091
POR-T1-C2-1000;Médio Purus;Porongaba;16796.9886;16796.9886
POR-T1-C3-1980;Médio Purus;Porongaba;16497.87979;16497.87979
POR-T1-C4-3250;Médio Purus;Porongaba;15949.84176;15949.84176
POR-T1-C5-4500;Médio Purus;Porongaba;15725.28605;15725.28605
POR-T2-C1-2400;Médio Purus;Porongaba;16033.85614;16033.85614
POR-T2-C2-3000;Médio Purus;Porongaba;15382.70785;15382.70785
POR-T2-C3-3800;Médio Purus;Porongaba;14595.87883;14595.87883
POR-T2-C4-4100;Médio Purus;Porongaba;14152.33326;14152.33326
POR-T2-C5-3300;Médio Purus;Porongaba;14874.24841;14874.24841
RED-T1-C1-750;Cazumbá-iracema;Redenção;5108.332437;5108.332437
RED-T1-C2-1500;Cazumbá-iracema;Redenção;5920.171026;5920.171026
RED-T1-C3-2550;Cazumbá-iracema;Redenção;6916.998507;6916.998507
RED-T1-C4-3850;Cazumbá-iracema;Redenção;8183.186709;8183.186709
RED-T1-C5-6050;Cazumbá-iracema;Redenção;10655.79379;10655.79379
RED-T2-C1-1550;Cazumbá-iracema;Redenção;6110.688656;6110.688656
RED-T2-C2-2100;Cazumbá-iracema;Redenção;6680.081663;6680.081663
RED-T2-C3-3050;Cazumbá-iracema;Redenção;7530.973705;7530.973705
RED-T2-C4-4380;Cazumbá-iracema;Redenção;8410.231521;8410.231521
RED-T2-C5-6200;Cazumbá-iracema;Redenção;9537.762995;9537.762995
RED-T3-C1-950;Cazumbá-iracema;Redenção;3837.933351;3837.933351
RED-T3-C2-1700;Cazumbá-iracema;Redenção;2952.721017;2952.721017
RED-T3-C3-2500;Cazumbá-iracema;Redenção;1955.061997;1955.061997
RED-T3-C4-3550;Cazumbá-iracema;Redenção;968.6203433;968.6203433
RED-T3-C5-4500;Cazumbá-iracema;Redenção;7.022325431;7.022325431
RED-T3-C6-6100;Cazumbá-iracema;Redenção;1418.548669;1418.548669
REM-T1-C1-950;Médio Purus;Remanso;283.6391695;283.6391695
REM-T1-C2-1500;Médio Purus;Remanso;662.0196576;662.0196576
REM-T1-C3-2300;Médio Purus;Remanso;1206.220291;1206.220291
REM-T1-C4-3750;Médio Purus;Remanso;2507.750361;2507.750361
REM-T1-C5-4500;Médio Purus;Remanso;2988.325812;2988.325812
REM-T1-C6-5600;Médio Purus;Remanso;3903.674024;3903.674024
REM-T2-C1-1150;Médio Purus;Remanso;682.0980319;682.0980319
REM-T2-C2-1850;Médio Purus;Remanso;1126.303447;1126.303447
REM-T2-C3-2700;Médio Purus;Remanso;1850.61146;1850.61146
REM-T2-C4-4000;Médio Purus;Remanso;2860.61011;2860.61011
REM-T2-C5-4950;Médio Purus;Remanso;3935.481177;3935.481177
REM-T2-C6-5900;Médio Purus;Remanso;3694.616479;3694.616479
ROC-T3-C1-500;Arapixi;V;406.0700779;406.0700779
ROC-T3-C2-1500;Arapixi;V;1518.970894;1518.970894
ROC-T3-C3-2770;Arapixi;V;2703.264769;2703.264769
ROC-T3-C4-3500;Arapixi;V;3247.855962;3247.855962
ROC-T3-C5-5000;Arapixi;V;3922.276874;3922.276874
SFO-T1-C1-500;Médio Purus;São Francisco;231.980398;231.980398
SFO-T1-C2-1000;Médio Purus;São Francisco;692.1779899;692.1779899
SFO-T1-C3-1600;Médio Purus;São Francisco;1241.091898;1241.091898
SFO-T1-C4-3100;Médio Purus;São Francisco;2630.671669;2630.671669
SFO-T1-C5-4600;Médio Purus;São Francisco;4189.693084;4189.693084
SFO-T1-C6-6000;Médio Purus;São Francisco;5010.53983;5010.53983
SFO-T2-C1-1000;Médio Purus;São Francisco;193.8141274;193.8141274
SFO-T2-C2-1550;Médio Purus;São Francisco;600.2316413;600.2316413
SFO-T2-C3-2400;Médio Purus;São Francisco;1503.222032;1503.222032
SFO-T2-C4-3750;Médio Purus;São Francisco;2975.258601;2975.258601
SFO-T2-C5-4760;Médio Purus;São Francisco;3989.827699;3989.827699
SFO-T2-C6-6000;Médio Purus;São Francisco;5203.973126;5203.973126
SJE-T1-C1-1200;Arapixi;S;1651.341799;1651.341799
SJE-T1-C2-1900;Arapixi;S;1192.567614;1192.567614
SJE-T1-C3-2600;Arapixi;S;1289.239198;1289.239198
SJE-T1-C4-3900;Arapixi;S;1208.973212;1208.973212
SJE-T1-C5-5100;Arapixi;S;1763.745501;1763.745501
SJE-T2-C1-650;Arapixi;Extrema;3235.035036;3235.035036
SJE-T2-C2-1420;Arapixi;Extrema;2585.563669;2585.563669
SJE-T2-C3-2250;Arapixi;Extrema;2195.850668;2195.850668
SJE-T2-C4-3700;Arapixi;Extrema;2197.773027;2197.773027
SJE-T2-C5-6070;Arapixi;Extrema;813.3178647;813.3178647
SJE-T3-C1-1150;Arapixi;Extrema;2741.696512;2741.696512
SJE-T3-C2-1900;Arapixi;Extrema;1948.299682;1948.299682
SJE-T3-C3-2700;Arapixi;Extrema;1135.836927;1135.836927
SJE-T4-C1-450;Arapixi;Extrema;4330.169824;4330.169824
SJE-T4-C2-1070;Arapixi;Extrema;3848.947342;3848.947342
SJE-T4-C3-1930;Arapixi;Extrema;3689.268344;3689.268344
SJE-T4-C4-3250;Arapixi;Extrema;2771.935539;2771.935539
SJE-T4-C5-5500;Arapixi;Extrema;585.1636199;585.1636199
SJE-T4-C6-6550;Arapixi;Extrema;508.9736403;508.9736403
2011;RDA;H;31199.90608;-31199.90608
2012;RDA;H;31509.68678;-31509.68678
2013;RDA;H;32105.39358;-32105.39358
2014;RDA;H;34146.97981;-34146.97981
2015;RDA;H;36635.41391;-36635.41391
2021;RDA;G;26685.79537;-26685.79537
2022;RDA;G;26847.66496;-26847.66496
2023;RDA;G;27318.43575;-27318.43575
2024;RDA;G;28946.13695;-28946.13695
2035;RDA;Z;1694.129223;-1694.129223
3011;RDA;Carauari Riozinho;32664.84607;-32664.84607
3012;RDA;Carauari Riozinho;32520.0413;-32520.0413
3013;RDA;Carauari Riozinho;32174.74276;-32174.74276
3014;RDA;Carauari Riozinho;31199.55012;-31199.55012
3015;RDA;Carauari Riozinho;30218.34428;-30218.34428
3021;RDA;J;31063.69197;-31063.69197
3022;RDA;J;31346.18792;-31346.18792
3023;RDA;J;31959.34967;-31959.34967
3024;RDA;J;33948.31468;-33948.31468
3025;RDA;J;36996.81528;-36996.81528
3031;RDA;L;26170.07959;-26170.07959
3032;RDA;L;25895.18902;-25895.18902
3033;RDA;L;25404.03608;-25404.03608
3034;RDA;L;23721.57769;-23721.57769
3035;RDA;L;21579.48654;-21579.48654
3041;RDA;Carauari pe da terra;18694.50798;-18694.50798
3042;RDA;Carauari pe da terra;18582.86375;-18582.86375
3043;RDA;Carauari pe da terra;18439.4359;-18439.4359
3044;RDA;Carauari pe da terra;17762.15966;-17762.15966
3045;RDA;Carauari pe da terra;17334.55629;-17334.55629
3051;RDA;I;39625.80088;-39625.80088
3052;RDA;I;39863.80363;-39863.80363
3053;RDA;I;40335.89866;-40335.89866
3054;RDA;I;42062.88008;-42062.88008
3055;RDA;I;44481.49229;-44481.49229
5081;RDA;F;4649.878604;-4649.878604
5082;RDA;F;4582.841669;-4582.841669
5083;RDA;F;4606.463483;-4606.463483
5084;RDA;F;4739.984043;-4739.984043
5085;RDA;F;5298.504653;-5298.504653
5091;RDA;H;30474.99472;-30474.99472
5092;RDA;H;30688.87976;-30688.87976
5093;RDA;H;31210.62635;-31210.62635
5094;RDA;H;33267.17056;-33267.17056
5095;RDA;H;36315.53779;-36315.53779
5101;RDA;Cara_1;20711.06655;-20711.06655
5102;RDA;Cara_1;20531.75407;-20531.75407
5103;RDA;Cara_1;20429.63021;-20429.63021
5104;RDA;Cara_1;20374.60666;-20374.60666
6011;RDA;I;35935.0129;-35935.0129
6013;RDA;I;35498.27478;-35498.27478
7011;RDU;sao jose do uatuma;35895.51675;-35895.51675
7012;RDU;sao jose do uatuma;35877.34546;-35877.34546
7013;RDU;sao jose do uatuma;35797.17193;-35797.17193
7014;RDU;sao jose do uatuma;35180.71136;-35180.71136
7015;RDU;sao jose do uatuma;33789.05552;-33789.05552
7021;RDU;M;23131.19562;-23131.19562
7022;RDU;M;23234.37699;-23234.37699
7023;RDU;M;23515.19747;-23515.19747
7025;RDU;M;25430.46941;-25430.46941
7031;RDU;macacaboi;8570.329942;-8570.329942
7032;RDU;macacaboi;8844.479777;-8844.479777
7033;RDU;macacaboi;9468.760691;-9468.760691
7034;RDU;macacaboi;10826.216;-10826.216
7035;RDU;macacaboi;11632.72416;-11632.72416
8011;RDU;sao jao batista;12821.38277;-12821.38277
8012;RDU;sao jao batista;12572.59644;-12572.59644
8013;RDU;sao jao batista;11905.3052;-11905.3052
8014;RDU;sao jao batista;9910.204906;-9910.204906
8015;RDU;sao jao batista;6925.781537;-6925.781537
8021;RDU;serra do bacabal;9000.497343;-9000.497343
8022;RDU;serra do bacabal;8714.281327;-8714.281327
8023;RDU;serra do bacabal;8069.576953;-8069.576953
8024;RDU;serra do bacabal;6921.297993;-6921.297993
8025;RDU;serra do bacabal;4840.544877;-4840.544877
8031;RDU;do arara;2859.526512;-2859.526512
8032;RDU;do arara;3146.110988;-3146.110988
8033;RDU;do arara;3709.509119;-3709.509119
8034;RDU;do arara;5651.927562;-5651.927562
8035;RDU;do arara;8590.628472;-8590.628472
8061;RDU;sao francisco_3;7700.993655;-7700.993655
8062;RDU;sao francisco_3;7638.613844;-7638.613844
8063;RDU;sao francisco_3;8013.896781;-8013.896781
8064;RDU;sao francisco_3;9115.375884;-9115.375884
8071;RDU;monte siao_1;18910.48774;-18910.48774
8072;RDU;monte siao_1;18568.75642;-18568.75642
8073;RDU;monte siao_1;18179.84066;-18179.84066
8074;RDU;monte siao_1;16956.27182;-16956.27182
8075;RDU;monte siao_1;15338.38445;-15338.38445
8081;RDU;Q;10442.72972;-10442.72972
8082;RDU;Q;10441.2223;-10441.2223
8083;RDU;Q;10980.44407;-10980.44407
8084;RDU;Q;12057.07477;-12057.07477
8085;RDU;Q;13224.46959;-13224.46959
8092;RDU;sao francisco_2;13597.46713;-13597.46713
8093;RDU;sao francisco_2;13962.9087;-13962.9087
8094;RDU;sao francisco_2;14904.02976;-14904.02976
8101;RDU;ig do raimundo;9722.739686;-9722.739686
8102;RDU;ig do raimundo;9453.700157;-9453.700157
8103;RDU;ig do raimundo;8951.293101;-8951.293101
8104;RDU;ig do raimundo;7467.982304;-7467.982304
BEB-T1-C1-1000;Arapixi;Bebé;1359.853534;-1359.853534
BEB-T1-C3-2900;Arapixi;Bebé;3232.685247;-3232.685247
BEB-T1-C4-3800;Arapixi;Bebé;3905.013096;-3905.013096
BEB-T1-C5-5400;Arapixi;Bebé;4456.324759;-4456.324759
BEB-T1-C6-6200;Arapixi;Bebé;4427.937701;-4427.937701
BJS-T1-C1-1000;Médio Purus;Bom Jesus;1254.641788;-1254.641788
BJS-T1-C2-1700;Médio Purus;Bom Jesus;2017.162413;-2017.162413
BJS-T1-C3-2600;Médio Purus;Bom Jesus;2879.628417;-2879.628417
BJS-T1-C4-3800;Médio Purus;Bom Jesus;3960.72641;-3960.72641
BJS-T1-C5-4800;Médio Purus;Bom Jesus;4948.684067;-4948.684067
BJS-T1-C6-6000;Médio Purus;Bom Jesus;6132.972572;-6132.972572
BJS-T2-C1-750;Médio Purus;Bom Jesus;572.1677848;-572.1677848
BJS-T2-C2-1300;Médio Purus;Bom Jesus;1117.982086;-1117.982086
BJS-T2-C3-2200;Médio Purus;Bom Jesus;2006.639725;-2006.639725
BJS-T2-C4-3600;Médio Purus;Bom Jesus;3551.390599;-3551.390599
BJS-T2-C5-4700;Médio Purus;Bom Jesus;4084.363578;-4084.363578
BJS-T2-C6-5800;Médio Purus;Bom Jesus;4759.604894;-4759.604894
C1-T1-C1-1400;Riozinho_Liberdade;Santa Rita;1485.815102;-1485.815102
C1-T1-C1-330;Cazumbá-iracema;Providência;5706.633792;-5706.633792
C1-T1-C2-2000;Riozinho_Liberdade;Santa Rita;2047.700338;-2047.700338
C1-T1-C2-830;Cazumbá-iracema;Providência;6220.799404;-6220.799404
C1-T1-C3-1500;Cazumbá-iracema;Providência;7008.498078;-7008.498078
C1-T1-C3-2950;Riozinho_Liberdade;Santa Rita;2648.874454;-2648.874454
C1-T1-C4-2600;Cazumbá-iracema;Providência;7942.144082;-7942.144082
C1-T1-C4-4345;Riozinho_Liberdade;Santa Rita;3755.792088;-3755.792088
C1-T1-C5-6000;Cazumbá-iracema;Providência;11420.77537;-11420.77537
C1-T1-C5-6005;Riozinho_Liberdade;Santa Rita;5168.233413;-5168.233413
C1-T2-C1-1600;Riozinho_Liberdade;Santa Rita_2;1229.588356;-1229.588356
C1-T2-C1-600;Cazumbá-iracema;Providência;5516.147174;-5516.147174
C1-T2-C2-1200;Cazumbá-iracema;Providência;6345.051628;-6345.051628
C1-T2-C2-2240;Riozinho_Liberdade;Santa Rita_2;1551.622203;-1551.622203
C1-T2-C3-2000;Cazumbá-iracema;Providência;7190.654618;-7190.654618
C1-T2-C3-3140;Riozinho_Liberdade;Santa Rita_2;2301.136803;-2301.136803
C1-T2-C4-3400;Cazumbá-iracema;Providência;8798.75304;-8798.75304
C1-T2-C4-4400;Riozinho_Liberdade;Santa Rita_2;3581.573327;-3581.573327
C1-T2-C5-6500;Cazumbá-iracema;Providência;11931.12168;-11931.12168
C1-T3-C1-1370;Cazumbá-iracema;Providência;4009.040088;-4009.040088
C1-T3-C2-2000;Cazumbá-iracema;Providência;3396.688137;-3396.688137
C1-T3-C3-2450;Cazumbá-iracema;Providência;2984.389725;-2984.389725
C1-T3-C4-4000;Cazumbá-iracema;Providência;1445.876668;-1445.876668
C1-T3-C5-6000;Cazumbá-iracema;Providência;113.0957057;-113.0957057
C1-T4-C1-1500;Cazumbá-iracema;Providência;5552.282592;-5552.282592
C1-T4-C2-2250;Cazumbá-iracema;Providência;6062.594886;-6062.594886
C1-T4-C3-3070;Cazumbá-iracema;Providência;7172.201221;-7172.201221
C1-T4-C4-4280;Cazumbá-iracema;Providência;9420.041431;-9420.041431
C1-T4-C5-5700;Cazumbá-iracema;Providência;10891.77297;-10891.77297
C2-T1-C1-1280;Cazumbá-iracema;Lua Nova;8148.24728;-8148.24728
C2-T1-C1-1900;Riozinho_Liberdade;São João;1593.30427;-1593.30427
C2-T1-C2-2050;Cazumbá-iracema;Lua Nova;7521.170808;-7521.170808
C2-T1-C2-2500;Riozinho_Liberdade;São João;1733.767696;-1733.767696
C2-T1-C3-2950;Cazumbá-iracema;Lua Nova;6771.085623;-6771.085623
C2-T1-C3-3400;Riozinho_Liberdade;São João;2061.015593;-2061.015593
C2-T1-C4-4000;Cazumbá-iracema;Lua Nova;6080.574934;-6080.574934
C2-T1-C4-4300;Riozinho_Liberdade;São João;2171.586791;-2171.586791
C2-T1-C5-5800;Cazumbá-iracema;Lua Nova;3642.484443;-3642.484443
C2-T1-C5-5900;Riozinho_Liberdade;São João;1770.89428;-1770.89428
C2-T2-C1-950;Cazumbá-iracema;Lua Nova;10006.41511;-10006.41511
C2-T2-C2-1500;Cazumbá-iracema;Lua Nova;10457.23353;-10457.23353
C2-T2-C3-2500;Cazumbá-iracema;Lua Nova;11309.22102;-11309.22102
C2-T2-C4-4000;Cazumbá-iracema;Lua Nova;12255.22264;-12255.22264
C2-T2-C5-6000;Cazumbá-iracema;Lua Nova;14127.19938;-14127.19938
C2-T3-C1-1000;Cazumbá-iracema;Lua Nova;8316.326919;-8316.326919
C2-T3-C1-700;Riozinho_Liberdade;São João;1438.045854;-1438.045854
C2-T3-C2-1300;Riozinho_Liberdade;São João;1787.09277;-1787.09277
C2-T3-C2-1600;Cazumbá-iracema;Lua Nova;7756.895238;-7756.895238
C2-T3-C3-2330;Riozinho_Liberdade;São João;2699.549059;-2699.549059
C2-T3-C3-2500;Cazumbá-iracema;Lua Nova;6900.947359;-6900.947359
C2-T3-C4-3800;Cazumbá-iracema;Lua Nova;5432.608615;-5432.608615
C2-T3-C4-3850;Riozinho_Liberdade;São João;3931.524686;-3931.524686
C2-T3-C5-5100;Cazumbá-iracema;Lua Nova;4126.010048;-4126.010048
C2-T3-C5-6000;Riozinho_Liberdade;São João;5704.6967;-5704.6967
C2-T4-C1-1050;Cazumbá-iracema;Panela;10974.93787;-10974.93787
C2-T4-C2-1500;Cazumbá-iracema;Panela;11324.84525;-11324.84525
C2-T4-C3-2500;Cazumbá-iracema;Panela;12297.91024;-12297.91024
C2-T4-C4-4000;Cazumbá-iracema;Panela;14045.13897;-14045.13897
C2-T4-C5-6320;Cazumbá-iracema;Panela;16210.51825;-16210.51825
C3-T1-C1-1500;Riozinho_Liberdade;São José;4547.794174;-4547.794174
C3-T1-C1-830;Cazumbá-iracema;Repouso;9761.464063;-9761.464063
C3-T1-C2-1240;Cazumbá-iracema;Repouso;9135.771177;-9135.771177
C3-T1-C2-2230;Riozinho_Liberdade;São José;4694.094249;-4694.094249
C3-T1-C3-2400;Cazumbá-iracema;Repouso;8073.55615;-8073.55615
C3-T1-C3-3000;Riozinho_Liberdade;São José;4507.079172;-4507.079172
C3-T1-C4-3440;Cazumbá-iracema;Repouso;7072.035401;-7072.035401
C3-T1-C4-4000;Riozinho_Liberdade;São José;3663.347292;-3663.347292
C3-T1-C5-4700;Riozinho_Liberdade;São José;2905.645889;-2905.645889
C3-T1-C5-6050;Cazumbá-iracema;Repouso;4190.551554;-4190.551554
C3-T2-C1-200;Cazumbá-iracema;Repouso;11414.05213;-11414.05213
C3-T2-C1-450;Riozinho_Liberdade;São José;4215.635957;-4215.635957
C3-T2-C2-1220;Riozinho_Liberdade;São José;4291.074857;-4291.074857
C3-T2-C2-550;Cazumbá-iracema;Repouso;11894.72842;-11894.72842
C3-T2-C3-1300;Cazumbá-iracema;Repouso;12629.61297;-12629.61297
C3-T2-C3-2020;Riozinho_Liberdade;São José;4539.927598;-4539.927598
C3-T2-C4-3000;Cazumbá-iracema;Repouso;14348.09514;-14348.09514
C3-T2-C4-3700;Riozinho_Liberdade;São José;5974.974497;-5974.974497
C3-T2-C5-6000;Riozinho_Liberdade;São José;6657.122668;-6657.122668
C3-T3-C1-1450;Riozinho_Liberdade;São José;3640.863314;-3640.863314
C3-T3-C2-2000;Riozinho_Liberdade;São José;3490.570643;-3490.570643
C3-T3-C3-3100;Riozinho_Liberdade;São José;4054.104033;-4054.104033
C3-T3-C4-4200;Riozinho_Liberdade;São José;4571.386746;-4571.386746
C3-T3-C5-6000;Riozinho_Liberdade;São José;5664.132957;-5664.132957
C4-T1-C1-1100;Cazumbá-iracema;Jair;8452.708023;-8452.708023
C4-T1-C2-1700;Cazumbá-iracema;Jair;8340.035995;-8340.035995
C4-T1-C2-2880;Riozinho_Liberdade;São Luiz;6965.076266;-6965.076266
C4-T1-C3-2550;Cazumbá-iracema;Jair;8477.510312;-8477.510312
C4-T1-C3-3400;Riozinho_Liberdade;São Luiz;6498.499339;-6498.499339
C4-T1-C4-3850;Cazumbá-iracema;Jair;8535.032248;-8535.032248
C4-T1-C4-4150;Riozinho_Liberdade;São Luiz;5962.576732;-5962.576732
C4-T1-C5-5050;Riozinho_Liberdade;São Luiz;5031.040052;-5031.040052
C4-T1-C5-6000;Cazumbá-iracema;Jair;8499.653619;-8499.653619
C4-T1-C6-5950;Riozinho_Liberdade;São Luiz;4233.131328;-4233.131328
C4-T2-C1-1600;Riozinho_Liberdade;São Luiz_2;10650.33026;-10650.33026
C4-T2-C1-1970;Cazumbá-iracema;Apuí;7106.4666;-7106.4666
C4-T2-C2-2300;Riozinho_Liberdade;São Luiz_2;10974.83401;-10974.83401
C4-T2-C2-3100;Cazumbá-iracema;Apuí;5984.347621;-5984.347621
C4-T2-C3-3250;Riozinho_Liberdade;São Luiz_2;11535.61363;-11535.61363
C4-T2-C3-3950;Cazumbá-iracema;Apuí;5273.940667;-5273.940667
C4-T2-C4-4150;Riozinho_Liberdade;São Luiz_2;12092.88757;-12092.88757
C4-T2-C4-4950;Cazumbá-iracema;Apuí;4590.069255;-4590.069255
C4-T2-C5-5150;Riozinho_Liberdade;São Luiz_2;13298.71031;-13298.71031
C4-T2-C5-6040;Cazumbá-iracema;Apuí;3614.133098;-3614.133098
C4-T2-C6-6150;Riozinho_Liberdade;São Luiz_2;13972.26584;-13972.26584
C4-T3-C1-950;Riozinho_Liberdade;São Luiz;8220.872047;-8220.872047
C4-T3-C2-1530;Riozinho_Liberdade;São Luiz;8115.491078;-8115.491078
C4-T3-C3-2350;Riozinho_Liberdade;São Luiz;8221.099558;-8221.099558
C4-T3-C4-3740;Riozinho_Liberdade;São Luiz;8364.688282;-8364.688282
C4-T3-C5-4700;Riozinho_Liberdade;São Luiz;8524.245216;-8524.245216
C4-T3-C6-6000;Riozinho_Liberdade;São Luiz;8817.261508;-8817.261508
CAP-T1-C1-1000;Médio Purus;Capacini;1665.141749;-1665.141749
CAP-T1-C3-2500;Médio Purus;Capacini;3046.644797;-3046.644797
CAP-T1-C4-3750;Médio Purus;Capacini;4161.251718;-4161.251718
CAP-T1-C5-5000;Médio Purus;Capacini;5485.097277;-5485.097277
CAP-T1-C6-6000;Médio Purus;Capacini;6390.473428;-6390.473428
CAP-T2-C1-620_1;Médio Purus;Capacini;1768.171869;-1768.171869
CAP-T2-C2-500_2;Médio Purus;Capacini;2245.791005;-2245.791005
CAP-T2-C3-600_2;Médio Purus;Capacini;1867.177866;-1867.177866
CAP-T2-C4-4510;Médio Purus;Capacini;1939.665739;-1939.665739
CAP-T3-C1-300;Médio Purus;Capacini;826.4378977;-826.4378977
CAP-T3-C2-1000;Médio Purus;Capacini;1069.870086;-1069.870086
CAP-T3-C3-1700;Médio Purus;Capacini;1269.168063;-1269.168063
CAP-T3-C4-2000;Médio Purus;Capacini;1922.48181;-1922.48181
CAP-T3-C5-3500;Médio Purus;Capacini;2244.50978;-2244.50978
CAP-T3-C6-4600;Médio Purus;Capacini;3154.405213;-3154.405213
IUT-T1-C1-480;Médio Purus;Iutari;356.5337694;-356.5337694
IUT-T1-C2-1000;Médio Purus;Iutari;838.4143888;-838.4143888
IUT-T1-C3-1750;Médio Purus;Iutari;1494.449679;-1494.449679
IUT-T1-C4-2800;Médio Purus;Iutari;2376.977335;-2376.977335
IUT-T1-C5-3300;Médio Purus;Iutari;3239.383831;-3239.383831
IUT-T1-C6-4000;Médio Purus;Iutari;3794.231185;-3794.231185
IUT-T1-C7-4700;Médio Purus;Iutari;3913.237998;-3913.237998
IUT-T1-C8-5300;Médio Purus;Iutari;4548.489448;-4548.489448
LAG-T1-C1-800;Arapixi;Lago do Alfredo;1386.65724;-1386.65724
LAG-T1-C2-1380;Arapixi;Lago do Alfredo;813.7955652;-813.7955652
LAG-T1-C3-2400;Arapixi;Lago do Alfredo;270.7137998;-270.7137998
LAG-T1-C4-3550;Arapixi;Lago do Alfredo;269.0888714;-269.0888714
LAG-T1-C5-5000;Arapixi;Lago do Alfredo;1342.241881;-1342.241881
LAG-T1-C6-6070;Arapixi;Lago do Alfredo;1811.446276;-1811.446276
ROC-T1-C3-4070;Arapixi;Rocha;2791.629179;-2791.629179
ROC-T1-C4-4880;Arapixi;Rocha;3156.569446;-3156.569446
ROC-T1-C5-6050;Arapixi;Rocha;3648.287485;-3648.287485
ROC-T2-C1-1150;Arapixi;Rocha;725.1486296;-725.1486296
ROC-T2-C2-1850;Arapixi;Rocha;1616.879818;-1616.879818
ROC-T2-C3-2780;Arapixi;Rocha;2329.138069;-2329.138069
ROC-T2-C4-5400;Arapixi;Rocha;2987.030253;-2987.030253
ROC-T2-C5-6000;Arapixi;Rocha;2933.995223;-2933.995223
SAN-T1-C1-3500;Arapixi;Santana;9295.283798;-9295.283798
SAN-T1-C2-3000;Arapixi;Santana;9013.652731;-9013.652731
SAN-T1-C3-2500;Arapixi;Santana;8891.903776;-8891.903776
SAN-T1-C4-1700;Arapixi;Santana;8220.972192;-8220.972192
SAN-T1-C5-2000;Arapixi;Santana;8526.919604;-8526.919604
SAN-T1-C6-1900;Arapixi;Santana;8994.935687;-8994.935687
STA-T1-C1-1170;Arapixi;Santa Amélia;11160.40464;-11160.40464
STA-T1-C2-1750;Arapixi;Santa Amélia;11390.85408;-11390.85408
STA-T1-C3-2700;Arapixi;Santa Amélia;11395.0949;-11395.0949
STA-T1-C4-4200;Arapixi;Santa Amélia;10935.07697;-10935.07697
STA-T1-C5-6200;Arapixi;Santa Amélia;10391.3332;-10391.3332
STA-T2-C1-2250;Arapixi;Santa Amélia;11586.60219;-11586.60219
STA-T2-C2-2900;Arapixi;Santa Amélia;10343.23581;-10343.23581
STA-T2-C3-2800;Arapixi;Santa Amélia;10944.21691;-10944.21691
STA-T2-C4-5000;Arapixi;Santa Amélia;11785.4622;-11785.4622
STA-T2-C5-5950;Arapixi;Santa Amélia;12487.04577;-12487.04577